0 verbose cli C:\Program Files\nodejs\node.exe C:\Program Files\nodejs\node_modules\npm\bin\npm-cli.js
1 info using npm@11.9.0
2 info using node@v24.14.0
3 silly config load:file:C:\Program Files\nodejs\node_modules\npm\npmrc
4 silly config load:file:C:\Users\eumai\v2-crm\.npmrc
5 silly config load:file:C:\Users\eumai\.npmrc
6 silly config load:file:C:\Users\eumai\AppData\Roaming\npm\etc\npmrc
7 verbose title npm exec vercel deploy --prod --yes
8 verbose argv "exec" "--" "vercel" "deploy" "--prod" "--yes"
9 verbose logfile logs-max:10 dir:C:\Users\eumai\v2-crm\.npm-cache\_logs\2026-06-15T17_17_34_691Z-
10 verbose logfile C:\Users\eumai\v2-crm\.npm-cache\_logs\2026-06-15T17_17_34_691Z-debug-0.log
11 silly logfile done cleaning log files
12 silly packumentCache heap:4496293888 maxSize:1124073472 maxEntrySize:562036736
13 http fetch GET 200 https://registry.npmjs.org/npm 178ms
14 http fetch GET 200 https://registry.npmjs.org/vercel 176ms (cache miss)
15 silly packumentCache heap:4496293888 maxSize:1124073472 maxEntrySize:562036736
16 silly packumentCache heap:4496293888 maxSize:1124073472 maxEntrySize:562036736
17 warn exec The following package was not found and will be installed: vercel@54.14.0
18 silly idealTree buildDeps
19 silly fetch manifest vercel@54.14.0
20 silly packumentCache full:https://registry.npmjs.org/vercel cache-miss
21 http fetch GET 200 https://registry.npmjs.org/vercel 523ms (cache miss)
22 silly packumentCache full:https://registry.npmjs.org/vercel set size:undefined disposed:false
23 silly placeDep ROOT vercel@54.14.0 OK for:  want: 54.14.0
24 silly fetch manifest @vercel/blob@2.4.0
25 silly packumentCache full:https://registry.npmjs.org/@vercel%2fblob cache-miss
26 silly fetch manifest @vercel/fun@1.3.0
27 silly packumentCache full:https://registry.npmjs.org/@vercel%2ffun cache-miss
28 silly fetch manifest @vercel/prepare-flags-definitions@0.3.0
29 silly packumentCache full:https://registry.npmjs.org/@vercel%2fprepare-flags-definitions cache-miss
30 silly fetch manifest chokidar@4.0.0
31 silly packumentCache full:https://registry.npmjs.org/chokidar cache-miss
32 silly fetch manifest esbuild@0.27.0
33 silly packumentCache full:https://registry.npmjs.org/esbuild cache-miss
34 silly fetch manifest form-data@^4.0.0
35 silly packumentCache full:https://registry.npmjs.org/form-data cache-miss
36 silly fetch manifest jose@5.9.6
37 silly packumentCache full:https://registry.npmjs.org/jose cache-miss
38 silly fetch manifest luxon@^3.4.0
39 silly packumentCache full:https://registry.npmjs.org/luxon cache-miss
40 silly fetch manifest proxy-agent@6.4.0
41 silly packumentCache full:https://registry.npmjs.org/proxy-agent cache-miss
42 silly fetch manifest sandbox@3.1.2
43 silly packumentCache full:https://registry.npmjs.org/sandbox cache-miss
44 silly fetch manifest smol-toml@1.5.2
45 silly packumentCache full:https://registry.npmjs.org/smol-toml cache-miss
46 silly fetch manifest zod@4.1.11
47 silly packumentCache full:https://registry.npmjs.org/zod cache-miss
48 silly fetch manifest @vercel/backends@0.8.14
49 silly packumentCache full:https://registry.npmjs.org/@vercel%2fbackends cache-miss
50 silly fetch manifest @vercel/cli-auth@0.3.0
51 silly packumentCache full:https://registry.npmjs.org/@vercel%2fcli-auth cache-miss
52 silly fetch manifest @vercel/detect-agent@1.2.3
53 silly packumentCache full:https://registry.npmjs.org/@vercel%2fdetect-agent cache-miss
54 http fetch GET 200 https://registry.npmjs.org/luxon 87ms (cache miss)
55 silly packumentCache full:https://registry.npmjs.org/luxon set size:undefined disposed:false
56 silly fetch manifest @vercel/cli-config@0.2.0
57 silly packumentCache full:https://registry.npmjs.org/@vercel%2fcli-config cache-miss
58 http fetch GET 200 https://registry.npmjs.org/@vercel%2fblob 93ms (cache miss)
59 silly packumentCache full:https://registry.npmjs.org/@vercel%2fblob set size:undefined disposed:false
60 silly fetch manifest @vercel/build-utils@13.30.0
61 silly packumentCache full:https://registry.npmjs.org/@vercel%2fbuild-utils cache-miss
62 http fetch GET 200 https://registry.npmjs.org/chokidar 107ms (cache miss)
63 silly packumentCache full:https://registry.npmjs.org/chokidar set size:undefined disposed:false
64 silly fetch manifest @vercel/elysia@0.1.93
65 silly packumentCache full:https://registry.npmjs.org/@vercel%2felysia cache-miss
66 http fetch GET 200 https://registry.npmjs.org/jose 136ms (cache miss)
67 silly packumentCache full:https://registry.npmjs.org/jose set size:undefined disposed:false
68 silly fetch manifest @vercel/express@0.1.105
69 silly packumentCache full:https://registry.npmjs.org/@vercel%2fexpress cache-miss
70 http fetch GET 200 https://registry.npmjs.org/esbuild 144ms (cache miss)
71 silly packumentCache full:https://registry.npmjs.org/esbuild set size:undefined disposed:false
72 silly fetch manifest @vercel/fastify@0.1.96
73 silly packumentCache full:https://registry.npmjs.org/@vercel%2ffastify cache-miss
74 http fetch GET 200 https://registry.npmjs.org/zod 211ms (cache miss)
75 silly packumentCache full:https://registry.npmjs.org/zod set size:undefined disposed:false
76 silly fetch manifest @vercel/go@3.9.0
77 silly packumentCache full:https://registry.npmjs.org/@vercel%2fgo cache-miss
78 http fetch GET 200 https://registry.npmjs.org/proxy-agent 280ms (cache miss)
79 silly packumentCache full:https://registry.npmjs.org/proxy-agent set size:undefined disposed:false
80 silly fetch manifest @vercel/hono@0.2.96
81 silly packumentCache full:https://registry.npmjs.org/@vercel%2fhono cache-miss
82 http fetch GET 200 https://registry.npmjs.org/form-data 284ms (cache miss)
83 silly packumentCache full:https://registry.npmjs.org/form-data set size:undefined disposed:false
84 silly fetch manifest @vercel/h3@0.1.102
85 silly packumentCache full:https://registry.npmjs.org/@vercel%2fh3 cache-miss
86 http fetch GET 200 https://registry.npmjs.org/sandbox 292ms (cache miss)
87 silly packumentCache full:https://registry.npmjs.org/sandbox set size:undefined disposed:false
88 silly fetch manifest @vercel/hydrogen@1.4.0
89 silly packumentCache full:https://registry.npmjs.org/@vercel%2fhydrogen cache-miss
90 http fetch GET 200 https://registry.npmjs.org/smol-toml 305ms (cache miss)
91 silly packumentCache full:https://registry.npmjs.org/smol-toml set size:undefined disposed:false
92 silly fetch manifest @vercel/koa@0.1.76
93 silly packumentCache full:https://registry.npmjs.org/@vercel%2fkoa cache-miss
94 http fetch GET 200 https://registry.npmjs.org/@vercel%2ffun 608ms (cache miss)
95 silly packumentCache full:https://registry.npmjs.org/@vercel%2ffun set size:undefined disposed:false
96 silly fetch manifest @vercel/next@4.19.0
97 silly packumentCache full:https://registry.npmjs.org/@vercel%2fnext cache-miss
98 http fetch GET 200 https://registry.npmjs.org/@vercel%2fprepare-flags-definitions 658ms (cache miss)
99 silly packumentCache full:https://registry.npmjs.org/@vercel%2fprepare-flags-definitions set size:undefined disposed:false
100 silly fetch manifest @vercel/nestjs@0.2.97
101 silly packumentCache full:https://registry.npmjs.org/@vercel%2fnestjs cache-miss
102 http fetch GET 200 https://registry.npmjs.org/@vercel%2fbackends 662ms (cache miss)
103 silly packumentCache full:https://registry.npmjs.org/@vercel%2fbackends set size:undefined disposed:false
104 silly fetch manifest @vercel/python@6.45.0
105 silly packumentCache full:https://registry.npmjs.org/@vercel%2fpython cache-miss
106 http fetch GET 200 https://registry.npmjs.org/@vercel%2fdetect-agent 684ms (cache miss)
107 silly packumentCache full:https://registry.npmjs.org/@vercel%2fdetect-agent set size:undefined disposed:false
108 silly fetch manifest @vercel/redwood@2.5.0
109 silly packumentCache full:https://registry.npmjs.org/@vercel%2fredwood cache-miss
110 http fetch GET 200 https://registry.npmjs.org/@vercel%2fcli-config 612ms (cache miss)
111 silly packumentCache full:https://registry.npmjs.org/@vercel%2fcli-config set size:undefined disposed:false
112 silly fetch manifest @vercel/node@5.8.17
113 silly packumentCache full:https://registry.npmjs.org/@vercel%2fnode cache-miss
114 http fetch GET 200 https://registry.npmjs.org/@vercel%2fcli-auth 712ms (cache miss)
115 silly packumentCache full:https://registry.npmjs.org/@vercel%2fcli-auth set size:undefined disposed:false
116 silly fetch manifest @vercel/ruby@2.4.0
117 silly packumentCache full:https://registry.npmjs.org/@vercel%2fruby cache-miss
118 http fetch GET 200 https://registry.npmjs.org/@vercel%2felysia 637ms (cache miss)
119 silly packumentCache full:https://registry.npmjs.org/@vercel%2felysia set size:undefined disposed:false
120 silly fetch manifest @vercel/rust@1.3.0
121 silly packumentCache full:https://registry.npmjs.org/@vercel%2frust cache-miss
122 http fetch GET 200 https://registry.npmjs.org/@vercel%2fexpress 614ms (cache miss)
123 silly packumentCache full:https://registry.npmjs.org/@vercel%2fexpress set size:undefined disposed:false
124 silly fetch manifest @vercel/static-build@2.10.3
125 silly packumentCache full:https://registry.npmjs.org/@vercel%2fstatic-build cache-miss
126 http fetch GET 200 https://registry.npmjs.org/@vercel%2ffastify 611ms (cache miss)
127 silly packumentCache full:https://registry.npmjs.org/@vercel%2ffastify set size:undefined disposed:false
128 silly fetch manifest @vercel/remix-builder@5.9.1
129 silly packumentCache full:https://registry.npmjs.org/@vercel%2fremix-builder cache-miss
130 http fetch GET 200 https://registry.npmjs.org/@vercel%2fbuild-utils 681ms (cache miss)
131 silly packumentCache full:https://registry.npmjs.org/@vercel%2fbuild-utils set size:undefined disposed:false
132 http fetch GET 200 https://registry.npmjs.org/@vercel%2fgo 658ms (cache miss)
133 silly packumentCache full:https://registry.npmjs.org/@vercel%2fgo set size:undefined disposed:false
134 http fetch GET 200 https://registry.npmjs.org/@vercel%2fhydrogen 611ms (cache miss)
135 silly packumentCache full:https://registry.npmjs.org/@vercel%2fhydrogen set size:undefined disposed:false
136 http fetch GET 200 https://registry.npmjs.org/@vercel%2fhono 647ms (cache miss)
137 silly packumentCache full:https://registry.npmjs.org/@vercel%2fhono set size:undefined disposed:false
138 http fetch GET 200 https://registry.npmjs.org/@vercel%2fh3 644ms (cache miss)
139 silly packumentCache full:https://registry.npmjs.org/@vercel%2fh3 set size:undefined disposed:false
140 http fetch GET 200 https://registry.npmjs.org/@vercel%2fkoa 638ms (cache miss)
141 silly packumentCache full:https://registry.npmjs.org/@vercel%2fkoa set size:undefined disposed:false
142 http fetch GET 200 https://registry.npmjs.org/@vercel%2fnext 641ms (cache miss)
143 silly packumentCache full:https://registry.npmjs.org/@vercel%2fnext set size:undefined disposed:false
144 http fetch GET 200 https://registry.npmjs.org/@vercel%2fnestjs 621ms (cache miss)
145 silly packumentCache full:https://registry.npmjs.org/@vercel%2fnestjs set size:undefined disposed:false
146 http fetch GET 200 https://registry.npmjs.org/@vercel%2fpython 659ms (cache miss)
147 silly packumentCache full:https://registry.npmjs.org/@vercel%2fpython set size:undefined disposed:false
148 http fetch GET 200 https://registry.npmjs.org/@vercel%2fredwood 659ms (cache miss)
149 silly packumentCache full:https://registry.npmjs.org/@vercel%2fredwood set size:undefined disposed:false
150 http fetch GET 200 https://registry.npmjs.org/@vercel%2fnode 655ms (cache miss)
151 silly packumentCache full:https://registry.npmjs.org/@vercel%2fnode set size:undefined disposed:false
152 http fetch GET 200 https://registry.npmjs.org/@vercel%2fruby 663ms (cache miss)
153 silly packumentCache full:https://registry.npmjs.org/@vercel%2fruby set size:undefined disposed:false
154 http fetch GET 200 https://registry.npmjs.org/@vercel%2frust 643ms (cache miss)
155 silly packumentCache full:https://registry.npmjs.org/@vercel%2frust set size:undefined disposed:false
156 http fetch GET 200 https://registry.npmjs.org/@vercel%2fremix-builder 631ms (cache miss)
157 silly packumentCache full:https://registry.npmjs.org/@vercel%2fremix-builder set size:undefined disposed:false
158 http fetch GET 200 https://registry.npmjs.org/@vercel%2fstatic-build 652ms (cache miss)
159 silly packumentCache full:https://registry.npmjs.org/@vercel%2fstatic-build set size:undefined disposed:false
160 silly placeDep ROOT @vercel/backends@0.8.14 OK for: vercel@54.14.0 want: 0.8.14
161 silly placeDep ROOT @vercel/blob@2.4.0 OK for: vercel@54.14.0 want: 2.4.0
162 silly placeDep ROOT @vercel/build-utils@13.30.0 OK for: vercel@54.14.0 want: 13.30.0
163 silly placeDep ROOT @vercel/cli-auth@0.3.0 OK for: vercel@54.14.0 want: 0.3.0
164 silly placeDep ROOT @vercel/cli-config@0.2.0 OK for: vercel@54.14.0 want: 0.2.0
165 silly placeDep ROOT @vercel/detect-agent@1.2.3 OK for: vercel@54.14.0 want: 1.2.3
166 silly placeDep ROOT @vercel/elysia@0.1.93 OK for: vercel@54.14.0 want: 0.1.93
167 silly placeDep ROOT @vercel/express@0.1.105 OK for: vercel@54.14.0 want: 0.1.105
168 silly placeDep ROOT @vercel/fastify@0.1.96 OK for: vercel@54.14.0 want: 0.1.96
169 silly placeDep ROOT @vercel/fun@1.3.0 OK for: vercel@54.14.0 want: 1.3.0
170 silly placeDep ROOT @vercel/go@3.9.0 OK for: vercel@54.14.0 want: 3.9.0
171 silly placeDep ROOT @vercel/h3@0.1.102 OK for: vercel@54.14.0 want: 0.1.102
172 silly placeDep ROOT @vercel/hono@0.2.96 OK for: vercel@54.14.0 want: 0.2.96
173 silly placeDep ROOT @vercel/hydrogen@1.4.0 OK for: vercel@54.14.0 want: 1.4.0
174 silly placeDep ROOT @vercel/koa@0.1.76 OK for: vercel@54.14.0 want: 0.1.76
175 silly placeDep ROOT @vercel/nestjs@0.2.97 OK for: vercel@54.14.0 want: 0.2.97
176 silly placeDep ROOT @vercel/next@4.19.0 OK for: vercel@54.14.0 want: 4.19.0
177 silly placeDep ROOT @vercel/node@5.8.17 OK for: vercel@54.14.0 want: 5.8.17
178 silly placeDep ROOT @vercel/prepare-flags-definitions@0.3.0 OK for: vercel@54.14.0 want: 0.3.0
179 silly placeDep ROOT @vercel/python@6.45.0 OK for: vercel@54.14.0 want: 6.45.0
180 silly placeDep ROOT @vercel/redwood@2.5.0 OK for: vercel@54.14.0 want: 2.5.0
181 silly placeDep ROOT @vercel/remix-builder@5.9.1 OK for: vercel@54.14.0 want: 5.9.1
182 silly placeDep ROOT @vercel/ruby@2.4.0 OK for: vercel@54.14.0 want: 2.4.0
183 silly placeDep ROOT @vercel/rust@1.3.0 OK for: vercel@54.14.0 want: 1.3.0
184 silly placeDep ROOT @vercel/static-build@2.10.3 OK for: vercel@54.14.0 want: 2.10.3
185 silly placeDep ROOT chokidar@4.0.0 OK for: vercel@54.14.0 want: 4.0.0
186 silly placeDep ROOT esbuild@0.27.0 OK for: vercel@54.14.0 want: 0.27.0
187 silly placeDep ROOT form-data@4.0.6 OK for: vercel@54.14.0 want: ^4.0.0
188 silly placeDep ROOT jose@5.9.6 OK for: vercel@54.14.0 want: 5.9.6
189 silly placeDep ROOT luxon@3.7.2 OK for: vercel@54.14.0 want: ^3.4.0
190 silly placeDep ROOT proxy-agent@6.4.0 OK for: vercel@54.14.0 want: 6.4.0
191 silly placeDep ROOT sandbox@3.1.2 OK for: vercel@54.14.0 want: 3.1.2
192 silly placeDep ROOT smol-toml@1.5.2 OK for: vercel@54.14.0 want: 1.5.2
193 silly placeDep ROOT zod@4.1.11 OK for: vercel@54.14.0 want: 4.1.11
194 silly fetch manifest @vercel/nft@1.10.0
195 silly packumentCache full:https://registry.npmjs.org/@vercel%2fnft cache-miss
196 silly fetch manifest execa@3.2.0
197 silly packumentCache full:https://registry.npmjs.org/execa cache-miss
198 silly fetch manifest fs-extra@11.1.0
199 silly packumentCache full:https://registry.npmjs.org/fs-extra cache-miss
200 silly fetch manifest get-port@5.1.1
201 silly packumentCache full:https://registry.npmjs.org/get-port cache-miss
202 silly fetch manifest oxc-transform@0.111.0
203 silly packumentCache full:https://registry.npmjs.org/oxc-transform cache-miss
204 silly fetch manifest path-to-regexp@8.3.0
205 silly packumentCache full:https://registry.npmjs.org/path-to-regexp cache-miss
206 silly fetch manifest resolve.exports@2.0.3
207 silly packumentCache full:https://registry.npmjs.org/resolve.exports cache-miss
208 silly fetch manifest rolldown@1.0.0-rc.1
209 silly packumentCache full:https://registry.npmjs.org/rolldown cache-miss
210 silly fetch manifest srvx@0.8.9
211 silly packumentCache full:https://registry.npmjs.org/srvx cache-miss
212 silly fetch manifest tsx@4.21.0
213 silly packumentCache full:https://registry.npmjs.org/tsx cache-miss
214 silly fetch manifest zod@3.22.4
215 silly packumentCache full:https://registry.npmjs.org/zod cache-miss
216 silly fetch manifest async-retry@^1.3.3
217 silly packumentCache full:https://registry.npmjs.org/async-retry cache-miss
218 silly fetch manifest is-buffer@^2.0.5
219 silly packumentCache full:https://registry.npmjs.org/is-buffer cache-miss
220 silly fetch manifest is-node-process@^1.2.0
221 silly packumentCache full:https://registry.npmjs.org/is-node-process cache-miss
222 silly fetch manifest throttleit@^2.1.0
223 silly packumentCache full:https://registry.npmjs.org/throttleit cache-miss
224 http cache https://registry.npmjs.org/zod 21ms (cache hit)
225 silly packumentCache full:https://registry.npmjs.org/zod set size:3552562 disposed:false
226 silly fetch manifest undici@^6.23.0
227 silly packumentCache full:https://registry.npmjs.org/undici cache-miss
228 http fetch GET 200 https://registry.npmjs.org/get-port 43ms (cache miss)
229 silly packumentCache full:https://registry.npmjs.org/get-port set size:undefined disposed:false
230 silly fetch manifest cjs-module-lexer@1.2.3
231 silly packumentCache full:https://registry.npmjs.org/cjs-module-lexer cache-miss
232 http fetch GET 200 https://registry.npmjs.org/path-to-regexp 54ms (cache miss)
233 silly packumentCache full:https://registry.npmjs.org/path-to-regexp set size:undefined disposed:false
234 silly fetch manifest es-module-lexer@1.5.0
235 silly packumentCache full:https://registry.npmjs.org/es-module-lexer cache-miss
236 http fetch GET 200 https://registry.npmjs.org/tsx 58ms (cache miss)
237 silly packumentCache full:https://registry.npmjs.org/tsx set size:undefined disposed:false
238 silly fetch manifest @vercel/python-analysis@0.11.1
239 silly packumentCache full:https://registry.npmjs.org/@vercel%2fpython-analysis cache-miss
240 http fetch GET 200 https://registry.npmjs.org/@vercel%2fnft 62ms (cache miss)
241 silly packumentCache full:https://registry.npmjs.org/@vercel%2fnft set size:undefined disposed:false
242 silly fetch manifest @napi-rs/keyring@1.2.0
243 silly packumentCache full:https://registry.npmjs.org/@napi-rs%2fkeyring cache-miss
244 http fetch GET 200 https://registry.npmjs.org/cjs-module-lexer 36ms (cache miss)
245 silly packumentCache full:https://registry.npmjs.org/cjs-module-lexer set size:undefined disposed:false
246 silly fetch manifest async-listen@3.0.0
247 silly packumentCache full:https://registry.npmjs.org/async-listen cache-miss
248 http fetch GET 200 https://registry.npmjs.org/es-module-lexer 33ms (cache miss)
249 silly packumentCache full:https://registry.npmjs.org/es-module-lexer set size:undefined disposed:false
250 silly fetch manifest open@8.4.0
251 silly packumentCache full:https://registry.npmjs.org/open cache-miss
252 http fetch GET 200 https://registry.npmjs.org/undici 64ms (cache miss)
253 silly packumentCache full:https://registry.npmjs.org/undici set size:undefined disposed:false
254 silly fetch manifest xdg-app-paths@5
255 silly packumentCache full:https://registry.npmjs.org/xdg-app-paths cache-miss
256 http fetch GET 200 https://registry.npmjs.org/rolldown 108ms (cache miss)
257 silly packumentCache full:https://registry.npmjs.org/rolldown set size:undefined disposed:false
258 silly fetch manifest @vercel/static-config@3.4.0
259 silly packumentCache full:https://registry.npmjs.org/@vercel%2fstatic-config cache-miss
260 http fetch GET 200 https://registry.npmjs.org/open 40ms (cache miss)
261 silly packumentCache full:https://registry.npmjs.org/open set size:undefined disposed:false
262 silly fetch manifest fs-extra@11.1.0
263 silly packumentCache full:https://registry.npmjs.org/fs-extra cache-miss
264 http fetch GET 200 https://registry.npmjs.org/throttleit 232ms (cache miss)
265 silly packumentCache full:https://registry.npmjs.org/throttleit set size:undefined disposed:false
266 silly fetch manifest ts-morph@12.0.0
267 silly packumentCache full:https://registry.npmjs.org/ts-morph cache-miss
268 http fetch GET 200 https://registry.npmjs.org/resolve.exports 258ms (cache miss)
269 silly packumentCache full:https://registry.npmjs.org/resolve.exports set size:undefined disposed:false
270 silly fetch manifest @vercel/static-config@3.4.0
271 silly packumentCache full:https://registry.npmjs.org/@vercel%2fstatic-config cache-miss
272 http fetch GET 200 https://registry.npmjs.org/async-retry 259ms (cache miss)
273 silly packumentCache full:https://registry.npmjs.org/async-retry set size:undefined disposed:false
274 silly fetch manifest @vercel/cervel@0.1.22
275 silly packumentCache full:https://registry.npmjs.org/@vercel%2fcervel cache-miss
276 http fetch GET 200 https://registry.npmjs.org/is-buffer 263ms (cache miss)
277 silly packumentCache full:https://registry.npmjs.org/is-buffer set size:undefined disposed:false
278 silly fetch manifest @vercel/static-config@3.4.0
279 silly packumentCache full:https://registry.npmjs.org/@vercel%2fstatic-config cache-miss
280 http fetch GET 200 https://registry.npmjs.org/fs-extra 267ms (cache miss)
281 silly packumentCache full:https://registry.npmjs.org/fs-extra set size:undefined disposed:false
282 silly fetch manifest ms@2.1.1
283 silly packumentCache full:https://registry.npmjs.org/ms cache-miss
284 http fetch GET 200 https://registry.npmjs.org/fs-extra 138ms (cache miss)
285 silly packumentCache full:https://registry.npmjs.org/fs-extra set size:undefined disposed:false
286 silly fetch manifest tar@7.5.7
287 silly packumentCache full:https://registry.npmjs.org/tar cache-miss
288 http fetch GET 200 https://registry.npmjs.org/srvx 271ms (cache miss)
289 silly packumentCache full:https://registry.npmjs.org/srvx set size:undefined disposed:false
290 silly fetch manifest debug@4.3.4
291 silly packumentCache full:https://registry.npmjs.org/debug cache-miss
292 http fetch GET 200 https://registry.npmjs.org/is-node-process 272ms (cache miss)
293 silly packumentCache full:https://registry.npmjs.org/is-node-process set size:undefined disposed:false
294 silly fetch manifest micro@9.3.5-canary.3
295 silly packumentCache full:https://registry.npmjs.org/micro cache-miss
296 http fetch GET 200 https://registry.npmjs.org/execa 275ms (cache miss)
297 silly packumentCache full:https://registry.npmjs.org/execa set size:undefined disposed:false
298 silly fetch manifest semver@7.5.4
299 silly packumentCache full:https://registry.npmjs.org/semver cache-miss
300 http fetch GET 200 https://registry.npmjs.org/oxc-transform 278ms (cache miss)
301 silly packumentCache full:https://registry.npmjs.org/oxc-transform set size:undefined disposed:false
302 silly fetch manifest tinyexec@0.3.2
303 silly packumentCache full:https://registry.npmjs.org/tinyexec cache-miss
304 http fetch GET 200 https://registry.npmjs.org/ms 30ms (cache miss)
305 silly packumentCache full:https://registry.npmjs.org/ms set size:undefined disposed:false
306 silly fetch manifest stat-mode@0.3.0
307 silly packumentCache full:https://registry.npmjs.org/stat-mode cache-miss
308 http fetch GET 200 https://registry.npmjs.org/debug 35ms (cache miss)
309 silly packumentCache full:https://registry.npmjs.org/debug set size:undefined disposed:false
310 silly fetch manifest tree-kill@1.2.2
311 silly packumentCache full:https://registry.npmjs.org/tree-kill cache-miss
312 http fetch GET 200 https://registry.npmjs.org/async-listen 233ms (cache miss)
313 silly packumentCache full:https://registry.npmjs.org/async-listen set size:undefined disposed:false
314 silly fetch manifest node-fetch@2.6.7
315 silly packumentCache full:https://registry.npmjs.org/node-fetch cache-miss
316 http fetch GET 200 https://registry.npmjs.org/tinyexec 38ms (cache miss)
317 silly packumentCache full:https://registry.npmjs.org/tinyexec set size:undefined disposed:false
318 silly fetch manifest promisepipe@3.0.0
319 silly packumentCache full:https://registry.npmjs.org/promisepipe cache-miss
320 http fetch GET 200 https://registry.npmjs.org/semver 50ms (cache miss)
321 silly packumentCache full:https://registry.npmjs.org/semver set size:undefined disposed:false
322 silly fetch manifest uid-promise@1.0.0
323 silly packumentCache full:https://registry.npmjs.org/uid-promise cache-miss
324 http fetch GET 200 https://registry.npmjs.org/xdg-app-paths 238ms (cache miss)
325 silly packumentCache full:https://registry.npmjs.org/xdg-app-paths set size:undefined disposed:false
326 silly fetch manifest async-listen@1.2.0
327 silly packumentCache full:https://registry.npmjs.org/async-listen cache-miss
328 http cache https://registry.npmjs.org/async-listen 4ms (cache hit)
329 silly packumentCache full:https://registry.npmjs.org/async-listen set size:27933 disposed:false
330 silly fetch manifest generic-pool@3.4.2
331 silly packumentCache full:https://registry.npmjs.org/generic-pool cache-miss
332 http fetch GET 200 https://registry.npmjs.org/generic-pool 30ms (cache miss)
333 silly packumentCache full:https://registry.npmjs.org/generic-pool set size:undefined disposed:false
334 silly fetch manifest xdg-app-paths@5.1.0
335 silly packumentCache full:https://registry.npmjs.org/xdg-app-paths cache-miss
336 http cache https://registry.npmjs.org/xdg-app-paths 6ms (cache hit)
337 silly packumentCache full:https://registry.npmjs.org/xdg-app-paths set size:295911 disposed:false
338 silly fetch manifest yauzl-promise@2.1.3
339 silly packumentCache full:https://registry.npmjs.org/yauzl-promise cache-miss
340 http fetch GET 200 https://registry.npmjs.org/ts-morph 256ms (cache miss)
341 silly packumentCache full:https://registry.npmjs.org/ts-morph set size:undefined disposed:false
342 silly fetch manifest path-to-regexp@8.2.0
343 silly packumentCache full:https://registry.npmjs.org/path-to-regexp cache-miss
344 http cache https://registry.npmjs.org/path-to-regexp 4ms (cache hit)
345 silly packumentCache full:https://registry.npmjs.org/path-to-regexp set size:216334 disposed:false
346 silly fetch manifest @tootallnate/once@2.0.0
347 silly packumentCache full:https://registry.npmjs.org/@tootallnate%2fonce cache-miss
348 http fetch GET 200 https://registry.npmjs.org/tar 242ms (cache miss)
349 silly packumentCache full:https://registry.npmjs.org/tar set size:undefined disposed:false
350 silly fetch manifest stream-to-promise@2.2.0
351 silly packumentCache full:https://registry.npmjs.org/stream-to-promise cache-miss
352 http fetch GET 200 https://registry.npmjs.org/micro 247ms (cache miss)
353 silly packumentCache full:https://registry.npmjs.org/micro set size:undefined disposed:false
354 silly fetch manifest @vercel/static-config@3.4.0
355 silly packumentCache full:https://registry.npmjs.org/@vercel%2fstatic-config cache-miss
356 http fetch GET 200 https://registry.npmjs.org/tree-kill 232ms (cache miss)
357 silly packumentCache full:https://registry.npmjs.org/tree-kill set size:undefined disposed:false
358 silly fetch manifest @vercel/static-config@3.4.0
359 silly packumentCache full:https://registry.npmjs.org/@vercel%2fstatic-config cache-miss
360 http fetch GET 200 https://registry.npmjs.org/promisepipe 231ms (cache miss)
361 silly packumentCache full:https://registry.npmjs.org/promisepipe set size:undefined disposed:false
362 silly fetch manifest @vercel/static-config@3.4.0
363 silly packumentCache full:https://registry.npmjs.org/@vercel%2fstatic-config cache-miss
364 http fetch GET 200 https://registry.npmjs.org/stat-mode 260ms (cache miss)
365 silly packumentCache full:https://registry.npmjs.org/stat-mode set size:undefined disposed:false
366 silly fetch manifest @vercel/static-config@3.4.0
367 silly packumentCache full:https://registry.npmjs.org/@vercel%2fstatic-config cache-miss
368 http fetch GET 200 https://registry.npmjs.org/uid-promise 255ms (cache miss)
369 silly packumentCache full:https://registry.npmjs.org/uid-promise set size:undefined disposed:false
370 silly fetch manifest @vercel/static-config@3.4.0
371 silly packumentCache full:https://registry.npmjs.org/@vercel%2fstatic-config cache-miss
372 http fetch GET 200 https://registry.npmjs.org/node-fetch 288ms (cache miss)
373 silly packumentCache full:https://registry.npmjs.org/node-fetch set size:undefined disposed:false
374 silly fetch manifest @edge-runtime/node-utils@2.3.0
375 silly packumentCache full:https://registry.npmjs.org/@edge-runtime%2fnode-utils cache-miss
376 http fetch GET 200 https://registry.npmjs.org/yauzl-promise 231ms (cache miss)
377 silly packumentCache full:https://registry.npmjs.org/yauzl-promise set size:undefined disposed:false
378 silly fetch manifest @edge-runtime/primitives@4.1.0
379 silly packumentCache full:https://registry.npmjs.org/@edge-runtime%2fprimitives cache-miss
380 http fetch GET 200 https://registry.npmjs.org/@vercel%2fpython-analysis 634ms (cache miss)
381 silly packumentCache full:https://registry.npmjs.org/@vercel%2fpython-analysis set size:undefined disposed:false
382 silly fetch manifest @edge-runtime/vm@3.2.0
383 silly packumentCache full:https://registry.npmjs.org/@edge-runtime%2fvm cache-miss
384 http fetch GET 200 https://registry.npmjs.org/@napi-rs%2fkeyring 632ms (cache miss)
385 silly packumentCache full:https://registry.npmjs.org/@napi-rs%2fkeyring set size:undefined disposed:false
386 silly fetch manifest @types/node@20.11.0
387 silly packumentCache full:https://registry.npmjs.org/@types%2fnode cache-miss
388 http fetch GET 200 https://registry.npmjs.org/@vercel%2fstatic-config 620ms (cache miss)
389 silly packumentCache full:https://registry.npmjs.org/@vercel%2fstatic-config set size:undefined disposed:false
390 silly fetch manifest edge-runtime@2.5.9
391 silly packumentCache full:https://registry.npmjs.org/edge-runtime cache-miss
392 http fetch GET 200 https://registry.npmjs.org/@vercel%2fstatic-config 482ms (cache miss)
393 silly packumentCache full:https://registry.npmjs.org/@vercel%2fstatic-config set size:undefined disposed:false
394 silly fetch manifest es-module-lexer@1.4.1
395 silly packumentCache full:https://registry.npmjs.org/es-module-lexer cache-miss
396 http fetch GET 200 https://registry.npmjs.org/@vercel%2fstatic-config 477ms (cache miss)
397 silly packumentCache full:https://registry.npmjs.org/@vercel%2fstatic-config set size:undefined disposed:false
398 silly fetch manifest etag@1.8.1
399 silly packumentCache full:https://registry.npmjs.org/etag cache-miss
400 http fetch GET 200 https://registry.npmjs.org/@vercel%2fstatic-config 200ms (cache miss)
401 silly packumentCache full:https://registry.npmjs.org/@vercel%2fstatic-config set size:undefined disposed:false
402 silly fetch manifest mime-types@2.1.35
403 silly packumentCache full:https://registry.npmjs.org/mime-types cache-miss
404 http fetch GET 200 https://registry.npmjs.org/@vercel%2fstatic-config 185ms (cache miss)
405 silly packumentCache full:https://registry.npmjs.org/@vercel%2fstatic-config set size:undefined disposed:false
406 silly fetch manifest node-fetch@2.6.9
407 silly packumentCache full:https://registry.npmjs.org/node-fetch cache-miss
408 http fetch GET 200 https://registry.npmjs.org/@vercel%2fstatic-config 164ms (cache miss)
409 silly packumentCache full:https://registry.npmjs.org/@vercel%2fstatic-config set size:undefined disposed:false
410 silly fetch manifest path-to-regexp-updated@npm:path-to-regexp@6.3.0
411 silly packumentCache full:https://registry.npmjs.org/path-to-regexp cache-hit
412 silly fetch manifest path-to-regexp@6.1.0
413 silly packumentCache full:https://registry.npmjs.org/path-to-regexp cache-hit
414 silly fetch manifest typescript@npm:typescript@5.9.3
415 silly packumentCache full:https://registry.npmjs.org/typescript cache-miss
416 http fetch GET 200 https://registry.npmjs.org/@vercel%2fstatic-config 198ms (cache miss)
417 silly packumentCache full:https://registry.npmjs.org/@vercel%2fstatic-config set size:undefined disposed:false
418 silly fetch manifest undici@5.28.4
419 silly packumentCache full:https://registry.npmjs.org/undici cache-miss
420 http fetch GET 200 https://registry.npmjs.org/@vercel%2fstatic-config 231ms (cache miss)
421 silly packumentCache full:https://registry.npmjs.org/@vercel%2fstatic-config set size:undefined disposed:false
422 silly fetch manifest @vercel/error-utils@2.2.0
423 silly packumentCache full:https://registry.npmjs.org/@vercel%2ferror-utils cache-miss
424 http cache https://registry.npmjs.org/es-module-lexer 15ms (cache hit)
425 silly packumentCache full:https://registry.npmjs.org/es-module-lexer set size:205389 disposed:false
426 silly fetch manifest semver@6.3.1
427 silly packumentCache full:https://registry.npmjs.org/semver cache-miss
428 http cache https://registry.npmjs.org/node-fetch 15ms (cache hit)
429 silly packumentCache full:https://registry.npmjs.org/node-fetch set size:896010 disposed:false
430 silly fetch manifest @vercel/error-utils@2.2.0
431 silly packumentCache full:https://registry.npmjs.org/@vercel%2ferror-utils cache-miss
432 http cache https://registry.npmjs.org/undici 17ms (cache hit)
433 silly packumentCache full:https://registry.npmjs.org/undici set size:1450121 disposed:false
434 silly fetch manifest execa@5
435 silly packumentCache full:https://registry.npmjs.org/execa cache-miss
436 http fetch GET 200 https://registry.npmjs.org/stream-to-promise 264ms (cache miss)
437 silly packumentCache full:https://registry.npmjs.org/stream-to-promise set size:undefined disposed:false
438 silly fetch manifest @vercel/gatsby-plugin-vercel-analytics@1.0.11
439 silly packumentCache full:https://registry.npmjs.org/@vercel%2fgatsby-plugin-vercel-analytics cache-miss
440 http cache https://registry.npmjs.org/semver 32ms (cache hit)
441 silly packumentCache full:https://registry.npmjs.org/semver set size:243512 disposed:false
442 silly fetch manifest @vercel/gatsby-plugin-vercel-builder@2.2.19
443 silly packumentCache full:https://registry.npmjs.org/@vercel%2fgatsby-plugin-vercel-builder cache-miss
444 http fetch GET 200 https://registry.npmjs.org/@tootallnate%2fonce 294ms (cache miss)
445 silly packumentCache full:https://registry.npmjs.org/@tootallnate%2fonce set size:undefined disposed:false
446 silly fetch manifest readdirp@^4.0.1
447 silly packumentCache full:https://registry.npmjs.org/readdirp cache-miss
448 http cache https://registry.npmjs.org/execa 24ms (cache hit)
449 silly packumentCache full:https://registry.npmjs.org/execa set size:181234 disposed:false
450 silly fetch manifest @esbuild/aix-ppc64@0.27.0
451 silly packumentCache full:https://registry.npmjs.org/@esbuild%2faix-ppc64 cache-miss
452 http fetch GET 200 https://registry.npmjs.org/etag 61ms (cache miss)
453 silly packumentCache full:https://registry.npmjs.org/etag set size:undefined disposed:false
454 silly fetch manifest @esbuild/linux-arm@0.27.0
455 silly packumentCache full:https://registry.npmjs.org/@esbuild%2flinux-arm cache-miss
456 http fetch GET 200 https://registry.npmjs.org/readdirp 39ms (cache miss)
457 silly packumentCache full:https://registry.npmjs.org/readdirp set size:undefined disposed:false
458 silly fetch manifest @esbuild/linux-x64@0.27.0
459 silly packumentCache full:https://registry.npmjs.org/@esbuild%2flinux-x64 cache-miss
460 http fetch GET 200 https://registry.npmjs.org/@esbuild%2flinux-arm 50ms (cache miss)
461 silly packumentCache full:https://registry.npmjs.org/@esbuild%2flinux-arm set size:undefined disposed:false
462 silly fetch manifest @esbuild/sunos-x64@0.27.0
463 silly packumentCache full:https://registry.npmjs.org/@esbuild%2fsunos-x64 cache-miss
464 http fetch GET 200 https://registry.npmjs.org/@esbuild%2faix-ppc64 56ms (cache miss)
465 silly packumentCache full:https://registry.npmjs.org/@esbuild%2faix-ppc64 set size:undefined disposed:false
466 silly fetch manifest @esbuild/win32-x64@0.27.0
467 silly packumentCache full:https://registry.npmjs.org/@esbuild%2fwin32-x64 cache-miss
468 http fetch GET 200 https://registry.npmjs.org/@vercel%2fcervel 630ms (cache miss)
469 silly packumentCache full:https://registry.npmjs.org/@vercel%2fcervel set size:undefined disposed:false
470 silly fetch manifest @esbuild/darwin-x64@0.27.0
471 silly packumentCache full:https://registry.npmjs.org/@esbuild%2fdarwin-x64 cache-miss
472 http fetch GET 200 https://registry.npmjs.org/@esbuild%2flinux-x64 61ms (cache miss)
473 silly packumentCache full:https://registry.npmjs.org/@esbuild%2flinux-x64 set size:undefined disposed:false
474 silly fetch manifest @esbuild/linux-ia32@0.27.0
475 silly packumentCache full:https://registry.npmjs.org/@esbuild%2flinux-ia32 cache-miss
476 http fetch GET 200 https://registry.npmjs.org/@esbuild%2fwin32-x64 56ms (cache miss)
477 silly packumentCache full:https://registry.npmjs.org/@esbuild%2fwin32-x64 set size:undefined disposed:false
478 silly fetch manifest @esbuild/netbsd-x64@0.27.0
479 silly packumentCache full:https://registry.npmjs.org/@esbuild%2fnetbsd-x64 cache-miss
480 http fetch GET 200 https://registry.npmjs.org/@esbuild%2fsunos-x64 66ms (cache miss)
481 silly packumentCache full:https://registry.npmjs.org/@esbuild%2fsunos-x64 set size:undefined disposed:false
482 silly fetch manifest @esbuild/win32-ia32@0.27.0
483 silly packumentCache full:https://registry.npmjs.org/@esbuild%2fwin32-ia32 cache-miss
484 http fetch GET 200 https://registry.npmjs.org/@esbuild%2fdarwin-x64 63ms (cache miss)
485 silly packumentCache full:https://registry.npmjs.org/@esbuild%2fdarwin-x64 set size:undefined disposed:false
486 silly fetch manifest @esbuild/android-arm@0.27.0
487 silly packumentCache full:https://registry.npmjs.org/@esbuild%2fandroid-arm cache-miss
488 http fetch GET 200 https://registry.npmjs.org/@esbuild%2flinux-ia32 62ms (cache miss)
489 silly packumentCache full:https://registry.npmjs.org/@esbuild%2flinux-ia32 set size:undefined disposed:false
490 silly fetch manifest @esbuild/android-x64@0.27.0
491 silly packumentCache full:https://registry.npmjs.org/@esbuild%2fandroid-x64 cache-miss
492 http fetch GET 200 https://registry.npmjs.org/@esbuild%2fnetbsd-x64 58ms (cache miss)
493 silly packumentCache full:https://registry.npmjs.org/@esbuild%2fnetbsd-x64 set size:undefined disposed:false
494 silly fetch manifest @esbuild/freebsd-x64@0.27.0
495 silly packumentCache full:https://registry.npmjs.org/@esbuild%2ffreebsd-x64 cache-miss
496 http fetch GET 200 https://registry.npmjs.org/edge-runtime 242ms (cache miss)
497 silly packumentCache full:https://registry.npmjs.org/edge-runtime set size:undefined disposed:false
498 silly fetch manifest @esbuild/linux-arm64@0.27.0
499 silly packumentCache full:https://registry.npmjs.org/@esbuild%2flinux-arm64 cache-miss
500 http fetch GET 200 https://registry.npmjs.org/@esbuild%2fwin32-ia32 62ms (cache miss)
501 silly packumentCache full:https://registry.npmjs.org/@esbuild%2fwin32-ia32 set size:undefined disposed:false
502 silly fetch manifest @esbuild/linux-ppc64@0.27.0
503 silly packumentCache full:https://registry.npmjs.org/@esbuild%2flinux-ppc64 cache-miss
504 http fetch GET 200 https://registry.npmjs.org/mime-types 248ms (cache miss)
505 silly packumentCache full:https://registry.npmjs.org/mime-types set size:undefined disposed:false
506 silly fetch manifest @esbuild/linux-s390x@0.27.0
507 silly packumentCache full:https://registry.npmjs.org/@esbuild%2flinux-s390x cache-miss
508 http fetch GET 200 https://registry.npmjs.org/@types%2fnode 297ms (cache miss)
509 silly packumentCache full:https://registry.npmjs.org/@types%2fnode set size:undefined disposed:false
510 silly fetch manifest @esbuild/openbsd-x64@0.27.0
511 silly packumentCache full:https://registry.npmjs.org/@esbuild%2fopenbsd-x64 cache-miss
512 http fetch GET 200 https://registry.npmjs.org/@esbuild%2flinux-ppc64 75ms (cache miss)
513 silly packumentCache full:https://registry.npmjs.org/@esbuild%2flinux-ppc64 set size:undefined disposed:false
514 silly fetch manifest @esbuild/win32-arm64@0.27.0
515 silly packumentCache full:https://registry.npmjs.org/@esbuild%2fwin32-arm64 cache-miss
516 http fetch GET 200 https://registry.npmjs.org/@esbuild%2flinux-arm64 82ms (cache miss)
517 silly packumentCache full:https://registry.npmjs.org/@esbuild%2flinux-arm64 set size:undefined disposed:false
518 silly fetch manifest @esbuild/darwin-arm64@0.27.0
519 silly packumentCache full:https://registry.npmjs.org/@esbuild%2fdarwin-arm64 cache-miss
520 http fetch GET 200 https://registry.npmjs.org/@esbuild%2fandroid-x64 108ms (cache miss)
521 silly packumentCache full:https://registry.npmjs.org/@esbuild%2fandroid-x64 set size:undefined disposed:false
522 silly fetch manifest @esbuild/netbsd-arm64@0.27.0
523 silly packumentCache full:https://registry.npmjs.org/@esbuild%2fnetbsd-arm64 cache-miss
524 http fetch GET 200 https://registry.npmjs.org/@esbuild%2ffreebsd-x64 98ms (cache miss)
525 silly packumentCache full:https://registry.npmjs.org/@esbuild%2ffreebsd-x64 set size:undefined disposed:false
526 silly fetch manifest @esbuild/android-arm64@0.27.0
527 silly packumentCache full:https://registry.npmjs.org/@esbuild%2fandroid-arm64 cache-miss
528 http fetch GET 200 https://registry.npmjs.org/@esbuild%2fandroid-arm 117ms (cache miss)
529 silly packumentCache full:https://registry.npmjs.org/@esbuild%2fandroid-arm set size:undefined disposed:false
530 silly fetch manifest @esbuild/freebsd-arm64@0.27.0
531 silly packumentCache full:https://registry.npmjs.org/@esbuild%2ffreebsd-arm64 cache-miss
532 http fetch GET 200 https://registry.npmjs.org/@esbuild%2flinux-s390x 85ms (cache miss)
533 silly packumentCache full:https://registry.npmjs.org/@esbuild%2flinux-s390x set size:undefined disposed:false
534 silly fetch manifest @esbuild/linux-loong64@0.27.0
535 silly packumentCache full:https://registry.npmjs.org/@esbuild%2flinux-loong64 cache-miss
536 http fetch GET 200 https://registry.npmjs.org/@esbuild%2fopenbsd-x64 56ms (cache miss)
537 silly packumentCache full:https://registry.npmjs.org/@esbuild%2fopenbsd-x64 set size:undefined disposed:false
538 silly fetch manifest @esbuild/linux-riscv64@0.27.0
539 silly packumentCache full:https://registry.npmjs.org/@esbuild%2flinux-riscv64 cache-miss
540 http fetch GET 200 https://registry.npmjs.org/typescript 360ms (cache miss)
541 silly packumentCache full:https://registry.npmjs.org/typescript set size:undefined disposed:false
542 silly fetch manifest @esbuild/openbsd-arm64@0.27.0
543 silly packumentCache full:https://registry.npmjs.org/@esbuild%2fopenbsd-arm64 cache-miss
544 http fetch GET 200 https://registry.npmjs.org/@esbuild%2fnetbsd-arm64 119ms (cache miss)
545 silly packumentCache full:https://registry.npmjs.org/@esbuild%2fnetbsd-arm64 set size:undefined disposed:false
546 silly fetch manifest @esbuild/linux-mips64el@0.27.0
547 silly packumentCache full:https://registry.npmjs.org/@esbuild%2flinux-mips64el cache-miss
548 http fetch GET 200 https://registry.npmjs.org/@esbuild%2ffreebsd-arm64 118ms (cache miss)
549 silly packumentCache full:https://registry.npmjs.org/@esbuild%2ffreebsd-arm64 set size:undefined disposed:false
550 silly fetch manifest @esbuild/openharmony-arm64@0.27.0
551 silly packumentCache full:https://registry.npmjs.org/@esbuild%2fopenharmony-arm64 cache-miss
552 http fetch GET 200 https://registry.npmjs.org/@esbuild%2fwin32-arm64 134ms (cache miss)
553 silly packumentCache full:https://registry.npmjs.org/@esbuild%2fwin32-arm64 set size:undefined disposed:false
554 silly fetch manifest hasown@^2.0.4
555 silly packumentCache full:https://registry.npmjs.org/hasown cache-miss
556 http fetch GET 200 https://registry.npmjs.org/@esbuild%2fdarwin-arm64 133ms (cache miss)
557 silly packumentCache full:https://registry.npmjs.org/@esbuild%2fdarwin-arm64 set size:undefined disposed:false
558 silly fetch manifest asynckit@^0.4.0
559 silly packumentCache full:https://registry.npmjs.org/asynckit cache-miss
560 http fetch GET 200 https://registry.npmjs.org/@esbuild%2flinux-loong64 124ms (cache miss)
561 silly packumentCache full:https://registry.npmjs.org/@esbuild%2flinux-loong64 set size:undefined disposed:false
562 silly fetch manifest mime-types@^2.1.35
563 silly packumentCache full:https://registry.npmjs.org/mime-types cache-miss
564 http fetch GET 200 https://registry.npmjs.org/@esbuild%2fandroid-arm64 132ms (cache miss)
565 silly packumentCache full:https://registry.npmjs.org/@esbuild%2fandroid-arm64 set size:undefined disposed:false
566 silly fetch manifest combined-stream@^1.0.8
567 silly packumentCache full:https://registry.npmjs.org/combined-stream cache-miss
568 http fetch GET 200 https://registry.npmjs.org/@esbuild%2flinux-riscv64 114ms (cache miss)
569 silly packumentCache full:https://registry.npmjs.org/@esbuild%2flinux-riscv64 set size:undefined disposed:false
570 silly fetch manifest es-set-tostringtag@^2.1.0
571 silly packumentCache full:https://registry.npmjs.org/es-set-tostringtag cache-miss
572 http fetch GET 200 https://registry.npmjs.org/@edge-runtime%2fvm 515ms (cache miss)
573 silly packumentCache full:https://registry.npmjs.org/@edge-runtime%2fvm set size:undefined disposed:false
574 silly fetch manifest debug@^4.3.4
575 silly packumentCache full:https://registry.npmjs.org/debug cache-miss
576 http cache https://registry.npmjs.org/mime-types 13ms (cache hit)
577 silly packumentCache full:https://registry.npmjs.org/mime-types set size:139110 disposed:false
578 silly fetch manifest lru-cache@^7.14.1
579 silly packumentCache full:https://registry.npmjs.org/lru-cache cache-miss
580 http cache https://registry.npmjs.org/debug 10ms (cache hit)
581 silly packumentCache full:https://registry.npmjs.org/debug set size:195840 disposed:false
582 silly fetch manifest agent-base@^7.0.2
583 silly packumentCache full:https://registry.npmjs.org/agent-base cache-miss
584 http fetch GET 200 https://registry.npmjs.org/@esbuild%2fopenbsd-arm64 67ms (cache miss)
585 silly packumentCache full:https://registry.npmjs.org/@esbuild%2fopenbsd-arm64 set size:undefined disposed:false
586 silly fetch manifest proxy-from-env@^1.1.0
587 silly packumentCache full:https://registry.npmjs.org/proxy-from-env cache-miss
588 http fetch GET 200 https://registry.npmjs.org/hasown 31ms (cache miss)
589 silly packumentCache full:https://registry.npmjs.org/hasown set size:undefined disposed:false
590 silly fetch manifest pac-proxy-agent@^7.0.1
591 silly packumentCache full:https://registry.npmjs.org/pac-proxy-agent cache-miss
592 http fetch GET 200 https://registry.npmjs.org/@edge-runtime%2fprimitives 615ms (cache miss)
593 silly packumentCache full:https://registry.npmjs.org/@edge-runtime%2fprimitives set size:undefined disposed:false
594 silly fetch manifest http-proxy-agent@^7.0.1
595 silly packumentCache full:https://registry.npmjs.org/http-proxy-agent cache-miss
596 http fetch GET 200 https://registry.npmjs.org/asynckit 36ms (cache miss)
597 silly packumentCache full:https://registry.npmjs.org/asynckit set size:undefined disposed:false
598 silly fetch manifest https-proxy-agent@^7.0.3
599 silly packumentCache full:https://registry.npmjs.org/https-proxy-agent cache-miss
600 http fetch GET 200 https://registry.npmjs.org/@esbuild%2flinux-mips64el 52ms (cache miss)
601 silly packumentCache full:https://registry.npmjs.org/@esbuild%2flinux-mips64el set size:undefined disposed:false
602 silly fetch manifest socks-proxy-agent@^8.0.2
603 silly packumentCache full:https://registry.npmjs.org/socks-proxy-agent cache-miss
604 http fetch GET 200 https://registry.npmjs.org/es-set-tostringtag 38ms (cache miss)
605 silly packumentCache full:https://registry.npmjs.org/es-set-tostringtag set size:undefined disposed:false
606 silly fetch manifest zod@^4.1.1
607 silly packumentCache full:https://registry.npmjs.org/zod cache-miss
608 http fetch GET 200 https://registry.npmjs.org/@edge-runtime%2fnode-utils 646ms (cache miss)
609 silly packumentCache full:https://registry.npmjs.org/@edge-runtime%2fnode-utils set size:undefined disposed:false
610 silly fetch manifest debug@^4.4.1
611 silly packumentCache full:https://registry.npmjs.org/debug cache-hit
612 silly fetch manifest async-retry@1.3.3
613 silly packumentCache full:https://registry.npmjs.org/async-retry cache-miss
614 http cache https://registry.npmjs.org/zod 10ms (cache hit)
615 silly packumentCache full:https://registry.npmjs.org/zod set size:3552562 disposed:false
616 silly fetch manifest @vercel/sandbox@2.1.1
617 silly packumentCache full:https://registry.npmjs.org/@vercel%2fsandbox cache-miss
618 http cache https://registry.npmjs.org/async-retry 25ms (cache hit)
619 silly packumentCache full:https://registry.npmjs.org/async-retry set size:51916 disposed:false
620 http fetch GET 200 https://registry.npmjs.org/@esbuild%2fopenharmony-arm64 83ms (cache miss)
621 silly packumentCache full:https://registry.npmjs.org/@esbuild%2fopenharmony-arm64 set size:undefined disposed:false
622 http fetch GET 200 https://registry.npmjs.org/http-proxy-agent 47ms (cache miss)
623 silly packumentCache full:https://registry.npmjs.org/http-proxy-agent set size:undefined disposed:false
624 http fetch GET 200 https://registry.npmjs.org/https-proxy-agent 43ms (cache miss)
625 silly packumentCache full:https://registry.npmjs.org/https-proxy-agent set size:undefined disposed:false
626 http fetch GET 200 https://registry.npmjs.org/socks-proxy-agent 41ms (cache miss)
627 silly packumentCache full:https://registry.npmjs.org/socks-proxy-agent set size:undefined disposed:false
628 http fetch GET 200 https://registry.npmjs.org/lru-cache 68ms (cache miss)
629 silly packumentCache full:https://registry.npmjs.org/lru-cache set size:undefined disposed:false
630 http fetch GET 200 https://registry.npmjs.org/@vercel%2ferror-utils 610ms (cache miss)
631 silly packumentCache full:https://registry.npmjs.org/@vercel%2ferror-utils set size:undefined disposed:false
632 http fetch GET 200 https://registry.npmjs.org/@vercel%2ferror-utils 599ms (cache miss)
633 silly packumentCache full:https://registry.npmjs.org/@vercel%2ferror-utils set size:undefined disposed:false
634 http fetch GET 200 https://registry.npmjs.org/@vercel%2fgatsby-plugin-vercel-analytics 655ms (cache miss)
635 silly packumentCache full:https://registry.npmjs.org/@vercel%2fgatsby-plugin-vercel-analytics set size:undefined disposed:false
636 http fetch GET 200 https://registry.npmjs.org/combined-stream 228ms (cache miss)
637 silly packumentCache full:https://registry.npmjs.org/combined-stream set size:undefined disposed:false
638 http fetch GET 200 https://registry.npmjs.org/@vercel%2fgatsby-plugin-vercel-builder 646ms (cache miss)
639 silly packumentCache full:https://registry.npmjs.org/@vercel%2fgatsby-plugin-vercel-builder set size:undefined disposed:false
640 http fetch GET 200 https://registry.npmjs.org/proxy-from-env 228ms (cache miss)
641 silly packumentCache full:https://registry.npmjs.org/proxy-from-env set size:undefined disposed:false
642 http fetch GET 200 https://registry.npmjs.org/agent-base 243ms (cache miss)
643 silly packumentCache full:https://registry.npmjs.org/agent-base set size:undefined disposed:false
644 http fetch GET 200 https://registry.npmjs.org/pac-proxy-agent 235ms (cache miss)
645 silly packumentCache full:https://registry.npmjs.org/pac-proxy-agent set size:undefined disposed:false
646 http fetch GET 200 https://registry.npmjs.org/@vercel%2fsandbox 644ms (cache miss)
647 silly packumentCache full:https://registry.npmjs.org/@vercel%2fsandbox set size:undefined disposed:false
648 silly placeDep ROOT @vercel/nft@1.10.0 OK for: @vercel/backends@0.8.14 want: 1.10.0
649 silly placeDep ROOT execa@3.2.0 OK for: @vercel/backends@0.8.14 want: 3.2.0
650 silly placeDep ROOT fs-extra@11.1.0 OK for: @vercel/backends@0.8.14 want: 11.1.0
651 silly placeDep ROOT get-port@5.1.1 OK for: @vercel/backends@0.8.14 want: 5.1.1
652 silly placeDep ROOT oxc-transform@0.111.0 OK for: @vercel/backends@0.8.14 want: 0.111.0
653 silly placeDep ROOT path-to-regexp@8.3.0 OK for: @vercel/backends@0.8.14 want: 8.3.0
654 silly placeDep ROOT resolve.exports@2.0.3 OK for: @vercel/backends@0.8.14 want: 2.0.3
655 silly placeDep ROOT rolldown@1.0.0-rc.1 OK for: @vercel/backends@0.8.14 want: 1.0.0-rc.1
656 silly placeDep ROOT srvx@0.8.9 OK for: @vercel/backends@0.8.14 want: 0.8.9
657 silly placeDep ROOT tsx@4.21.0 OK for: @vercel/backends@0.8.14 want: 4.21.0
658 silly placeDep node_modules/@vercel/backends zod@3.22.4 OK for: @vercel/backends@0.8.14 want: 3.22.4
659 silly fetch manifest glob@^13.0.0
660 silly packumentCache full:https://registry.npmjs.org/glob cache-miss
661 silly fetch manifest acorn@^8.6.0
662 silly packumentCache full:https://registry.npmjs.org/acorn cache-miss
663 silly fetch manifest bindings@^1.4.0
664 silly packumentCache full:https://registry.npmjs.org/bindings cache-miss
665 silly fetch manifest picomatch@^4.0.2
666 silly packumentCache full:https://registry.npmjs.org/picomatch cache-miss
667 silly fetch manifest async-sema@^3.1.1
668 silly packumentCache full:https://registry.npmjs.org/async-sema cache-miss
669 silly fetch manifest graceful-fs@^4.2.9
670 silly packumentCache full:https://registry.npmjs.org/graceful-fs cache-miss
671 silly fetch manifest resolve-from@^5.0.0
672 silly packumentCache full:https://registry.npmjs.org/resolve-from cache-miss
673 silly fetch manifest estree-walker@2.0.2
674 silly packumentCache full:https://registry.npmjs.org/estree-walker cache-miss
675 silly fetch manifest node-gyp-build@^4.2.2
676 silly packumentCache full:https://registry.npmjs.org/node-gyp-build cache-miss
677 silly fetch manifest @rollup/pluginutils@^5.1.3
678 silly packumentCache full:https://registry.npmjs.org/@rollup%2fpluginutils cache-miss
679 silly fetch manifest @mapbox/node-pre-gyp@^2.0.0
680 silly packumentCache full:https://registry.npmjs.org/@mapbox%2fnode-pre-gyp cache-miss
681 silly fetch manifest acorn-import-attributes@^1.9.5
682 silly packumentCache full:https://registry.npmjs.org/acorn-import-attributes cache-miss
683 silly fetch manifest onetime@^5.1.0
684 silly packumentCache full:https://registry.npmjs.org/onetime cache-miss
685 silly fetch manifest is-stream@^2.0.0
686 silly packumentCache full:https://registry.npmjs.org/is-stream cache-miss
687 silly fetch manifest p-finally@^2.0.0
688 silly packumentCache full:https://registry.npmjs.org/p-finally cache-miss
689 http fetch GET 200 https://registry.npmjs.org/acorn-import-attributes 30ms (cache miss)
690 silly packumentCache full:https://registry.npmjs.org/acorn-import-attributes set size:undefined disposed:false
691 silly fetch manifest get-stream@^5.0.0
692 silly packumentCache full:https://registry.npmjs.org/get-stream cache-miss
693 http fetch GET 200 https://registry.npmjs.org/picomatch 34ms (cache miss)
694 silly packumentCache full:https://registry.npmjs.org/picomatch set size:undefined disposed:false
695 silly fetch manifest cross-spawn@^7.0.0
696 silly packumentCache full:https://registry.npmjs.org/cross-spawn cache-miss
697 http fetch GET 200 https://registry.npmjs.org/resolve-from 42ms (cache miss)
698 silly packumentCache full:https://registry.npmjs.org/resolve-from set size:undefined disposed:false
699 silly fetch manifest signal-exit@^3.0.2
700 silly packumentCache full:https://registry.npmjs.org/signal-exit cache-miss
701 http fetch GET 200 https://registry.npmjs.org/async-sema 47ms (cache miss)
702 silly packumentCache full:https://registry.npmjs.org/async-sema set size:undefined disposed:false
703 silly fetch manifest merge-stream@^2.0.0
704 silly packumentCache full:https://registry.npmjs.org/merge-stream cache-miss
705 http fetch GET 200 https://registry.npmjs.org/graceful-fs 49ms (cache miss)
706 silly packumentCache full:https://registry.npmjs.org/graceful-fs set size:undefined disposed:false
707 silly fetch manifest npm-run-path@^4.0.0
708 silly packumentCache full:https://registry.npmjs.org/npm-run-path cache-miss
709 http fetch GET 200 https://registry.npmjs.org/onetime 52ms (cache miss)
710 silly packumentCache full:https://registry.npmjs.org/onetime set size:undefined disposed:false
711 silly fetch manifest human-signals@^1.1.1
712 silly packumentCache full:https://registry.npmjs.org/human-signals cache-miss
713 http fetch GET 200 https://registry.npmjs.org/estree-walker 58ms (cache miss)
714 silly packumentCache full:https://registry.npmjs.org/estree-walker set size:undefined disposed:false
715 silly fetch manifest strip-final-newline@^2.0.0
716 silly packumentCache full:https://registry.npmjs.org/strip-final-newline cache-miss
717 http fetch GET 200 https://registry.npmjs.org/bindings 61ms (cache miss)
718 silly packumentCache full:https://registry.npmjs.org/bindings set size:undefined disposed:false
719 silly fetch manifest jsonfile@^6.0.1
720 silly packumentCache full:https://registry.npmjs.org/jsonfile cache-miss
721 http fetch GET 200 https://registry.npmjs.org/node-gyp-build 64ms (cache miss)
722 silly packumentCache full:https://registry.npmjs.org/node-gyp-build set size:undefined disposed:false
723 silly fetch manifest graceful-fs@^4.2.0
724 silly packumentCache full:https://registry.npmjs.org/graceful-fs cache-miss
725 http fetch GET 200 https://registry.npmjs.org/@rollup%2fpluginutils 70ms (cache miss)
726 silly packumentCache full:https://registry.npmjs.org/@rollup%2fpluginutils set size:undefined disposed:false
727 silly fetch manifest universalify@^2.0.0
728 silly packumentCache full:https://registry.npmjs.org/universalify cache-miss
729 http cache https://registry.npmjs.org/graceful-fs 9ms (cache hit)
730 silly packumentCache full:https://registry.npmjs.org/graceful-fs set size:124285 disposed:false
731 silly fetch manifest @oxc-transform/binding-darwin-x64@0.111.0
732 silly packumentCache full:https://registry.npmjs.org/@oxc-transform%2fbinding-darwin-x64 cache-miss
733 http fetch GET 200 https://registry.npmjs.org/acorn 78ms (cache miss)
734 silly packumentCache full:https://registry.npmjs.org/acorn set size:undefined disposed:false
735 silly fetch manifest @oxc-transform/binding-freebsd-x64@0.111.0
736 silly packumentCache full:https://registry.npmjs.org/@oxc-transform%2fbinding-freebsd-x64 cache-miss
737 http fetch GET 200 https://registry.npmjs.org/cross-spawn 44ms (cache miss)
738 silly packumentCache full:https://registry.npmjs.org/cross-spawn set size:undefined disposed:false
739 silly fetch manifest @oxc-transform/binding-wasm32-wasi@0.111.0
740 silly packumentCache full:https://registry.npmjs.org/@oxc-transform%2fbinding-wasm32-wasi cache-miss
741 http fetch GET 200 https://registry.npmjs.org/@mapbox%2fnode-pre-gyp 81ms (cache miss)
742 silly packumentCache full:https://registry.npmjs.org/@mapbox%2fnode-pre-gyp set size:undefined disposed:false
743 silly fetch manifest @oxc-transform/binding-darwin-arm64@0.111.0
744 silly packumentCache full:https://registry.npmjs.org/@oxc-transform%2fbinding-darwin-arm64 cache-miss
745 http fetch GET 200 https://registry.npmjs.org/glob 87ms (cache miss)
746 silly packumentCache full:https://registry.npmjs.org/glob set size:undefined disposed:false
747 silly fetch manifest @oxc-transform/binding-android-arm64@0.111.0
748 silly packumentCache full:https://registry.npmjs.org/@oxc-transform%2fbinding-android-arm64 cache-miss
749 http fetch GET 200 https://registry.npmjs.org/p-finally 235ms (cache miss)
750 silly packumentCache full:https://registry.npmjs.org/p-finally set size:undefined disposed:false
751 silly fetch manifest @oxc-transform/binding-linux-x64-gnu@0.111.0
752 silly packumentCache full:https://registry.npmjs.org/@oxc-transform%2fbinding-linux-x64-gnu cache-miss
753 http fetch GET 200 https://registry.npmjs.org/is-stream 238ms (cache miss)
754 silly packumentCache full:https://registry.npmjs.org/is-stream set size:undefined disposed:false
755 silly fetch manifest @oxc-transform/binding-linux-x64-musl@0.111.0
756 silly packumentCache full:https://registry.npmjs.org/@oxc-transform%2fbinding-linux-x64-musl cache-miss
757 http fetch GET 200 https://registry.npmjs.org/get-stream 236ms (cache miss)
758 silly packumentCache full:https://registry.npmjs.org/get-stream set size:undefined disposed:false
759 silly fetch manifest @oxc-transform/binding-win32-x64-msvc@0.111.0
760 silly packumentCache full:https://registry.npmjs.org/@oxc-transform%2fbinding-win32-x64-msvc cache-miss
761 http fetch GET 200 https://registry.npmjs.org/signal-exit 229ms (cache miss)
762 silly packumentCache full:https://registry.npmjs.org/signal-exit set size:undefined disposed:false
763 silly fetch manifest @oxc-transform/binding-linux-arm64-gnu@0.111.0
764 silly packumentCache full:https://registry.npmjs.org/@oxc-transform%2fbinding-linux-arm64-gnu cache-miss
765 http fetch GET 200 https://registry.npmjs.org/npm-run-path 229ms (cache miss)
766 silly packumentCache full:https://registry.npmjs.org/npm-run-path set size:undefined disposed:false
767 silly fetch manifest @oxc-transform/binding-linux-ppc64-gnu@0.111.0
768 silly packumentCache full:https://registry.npmjs.org/@oxc-transform%2fbinding-linux-ppc64-gnu cache-miss
769 http fetch GET 200 https://registry.npmjs.org/merge-stream 241ms (cache miss)
770 silly packumentCache full:https://registry.npmjs.org/merge-stream set size:undefined disposed:false
771 silly fetch manifest @oxc-transform/binding-linux-s390x-gnu@0.111.0
772 silly packumentCache full:https://registry.npmjs.org/@oxc-transform%2fbinding-linux-s390x-gnu cache-miss
773 http fetch GET 200 https://registry.npmjs.org/human-signals 244ms (cache miss)
774 silly packumentCache full:https://registry.npmjs.org/human-signals set size:undefined disposed:false
775 silly fetch manifest @oxc-transform/binding-win32-ia32-msvc@0.111.0
776 silly packumentCache full:https://registry.npmjs.org/@oxc-transform%2fbinding-win32-ia32-msvc cache-miss
777 http fetch GET 200 https://registry.npmjs.org/strip-final-newline 243ms (cache miss)
778 silly packumentCache full:https://registry.npmjs.org/strip-final-newline set size:undefined disposed:false
779 silly fetch manifest @oxc-transform/binding-android-arm-eabi@0.111.0
780 silly packumentCache full:https://registry.npmjs.org/@oxc-transform%2fbinding-android-arm-eabi cache-miss
781 http fetch GET 200 https://registry.npmjs.org/jsonfile 245ms (cache miss)
782 silly packumentCache full:https://registry.npmjs.org/jsonfile set size:undefined disposed:false
783 silly fetch manifest @oxc-transform/binding-linux-arm64-musl@0.111.0
784 silly packumentCache full:https://registry.npmjs.org/@oxc-transform%2fbinding-linux-arm64-musl cache-miss
785 http fetch GET 200 https://registry.npmjs.org/universalify 244ms (cache miss)
786 silly packumentCache full:https://registry.npmjs.org/universalify set size:undefined disposed:false
787 silly fetch manifest @oxc-transform/binding-win32-arm64-msvc@0.111.0
788 silly packumentCache full:https://registry.npmjs.org/@oxc-transform%2fbinding-win32-arm64-msvc cache-miss
789 http fetch GET 200 https://registry.npmjs.org/@oxc-transform%2fbinding-wasm32-wasi 611ms (cache miss)
790 silly packumentCache full:https://registry.npmjs.org/@oxc-transform%2fbinding-wasm32-wasi set size:undefined disposed:false
791 silly fetch manifest @oxc-transform/binding-linux-riscv64-gnu@0.111.0
792 silly packumentCache full:https://registry.npmjs.org/@oxc-transform%2fbinding-linux-riscv64-gnu cache-miss
793 http fetch GET 200 https://registry.npmjs.org/@oxc-transform%2fbinding-darwin-x64 621ms (cache miss)
794 silly packumentCache full:https://registry.npmjs.org/@oxc-transform%2fbinding-darwin-x64 set size:undefined disposed:false
795 silly fetch manifest @oxc-transform/binding-openharmony-arm64@0.111.0
796 silly packumentCache full:https://registry.npmjs.org/@oxc-transform%2fbinding-openharmony-arm64 cache-miss
797 http fetch GET 200 https://registry.npmjs.org/@oxc-transform%2fbinding-freebsd-x64 623ms (cache miss)
798 silly packumentCache full:https://registry.npmjs.org/@oxc-transform%2fbinding-freebsd-x64 set size:undefined disposed:false
799 silly fetch manifest @oxc-transform/binding-linux-riscv64-musl@0.111.0
800 silly packumentCache full:https://registry.npmjs.org/@oxc-transform%2fbinding-linux-riscv64-musl cache-miss
801 http fetch GET 200 https://registry.npmjs.org/@oxc-transform%2fbinding-darwin-arm64 621ms (cache miss)
802 silly packumentCache full:https://registry.npmjs.org/@oxc-transform%2fbinding-darwin-arm64 set size:undefined disposed:false
803 silly fetch manifest @oxc-transform/binding-linux-arm-gnueabihf@0.111.0
804 silly packumentCache full:https://registry.npmjs.org/@oxc-transform%2fbinding-linux-arm-gnueabihf cache-miss
805 http fetch GET 200 https://registry.npmjs.org/@oxc-transform%2fbinding-android-arm64 673ms (cache miss)
806 silly packumentCache full:https://registry.npmjs.org/@oxc-transform%2fbinding-android-arm64 set size:undefined disposed:false
807 silly fetch manifest @oxc-transform/binding-linux-arm-musleabihf@0.111.0
808 silly packumentCache full:https://registry.npmjs.org/@oxc-transform%2fbinding-linux-arm-musleabihf cache-miss
809 http fetch GET 200 https://registry.npmjs.org/@oxc-transform%2fbinding-linux-x64-gnu 635ms (cache miss)
810 silly packumentCache full:https://registry.npmjs.org/@oxc-transform%2fbinding-linux-x64-gnu set size:undefined disposed:false
811 silly fetch manifest @oxc-project/types@=0.110.0
812 silly packumentCache full:https://registry.npmjs.org/@oxc-project%2ftypes cache-miss
813 http fetch GET 200 https://registry.npmjs.org/@oxc-transform%2fbinding-linux-x64-musl 634ms (cache miss)
814 silly packumentCache full:https://registry.npmjs.org/@oxc-transform%2fbinding-linux-x64-musl set size:undefined disposed:false
815 silly fetch manifest @rolldown/pluginutils@1.0.0-rc.1
816 silly packumentCache full:https://registry.npmjs.org/@rolldown%2fpluginutils cache-miss
817 http fetch GET 200 https://registry.npmjs.org/@oxc-transform%2fbinding-win32-x64-msvc 622ms (cache miss)
818 silly packumentCache full:https://registry.npmjs.org/@oxc-transform%2fbinding-win32-x64-msvc set size:undefined disposed:false
819 silly fetch manifest @rolldown/binding-darwin-x64@1.0.0-rc.1
820 silly packumentCache full:https://registry.npmjs.org/@rolldown%2fbinding-darwin-x64 cache-miss
821 http fetch GET 200 https://registry.npmjs.org/@oxc-transform%2fbinding-linux-s390x-gnu 615ms (cache miss)
822 silly packumentCache full:https://registry.npmjs.org/@oxc-transform%2fbinding-linux-s390x-gnu set size:undefined disposed:false
823 silly fetch manifest @rolldown/binding-freebsd-x64@1.0.0-rc.1
824 silly packumentCache full:https://registry.npmjs.org/@rolldown%2fbinding-freebsd-x64 cache-miss
825 http fetch GET 200 https://registry.npmjs.org/@oxc-transform%2fbinding-linux-ppc64-gnu 629ms (cache miss)
826 silly packumentCache full:https://registry.npmjs.org/@oxc-transform%2fbinding-linux-ppc64-gnu set size:undefined disposed:false
827 silly fetch manifest @rolldown/binding-wasm32-wasi@1.0.0-rc.1
828 silly packumentCache full:https://registry.npmjs.org/@rolldown%2fbinding-wasm32-wasi cache-miss
829 http fetch GET 200 https://registry.npmjs.org/@oxc-transform%2fbinding-win32-ia32-msvc 618ms (cache miss)
830 silly packumentCache full:https://registry.npmjs.org/@oxc-transform%2fbinding-win32-ia32-msvc set size:undefined disposed:false
831 silly fetch manifest @rolldown/binding-darwin-arm64@1.0.0-rc.1
832 silly packumentCache full:https://registry.npmjs.org/@rolldown%2fbinding-darwin-arm64 cache-miss
833 http fetch GET 200 https://registry.npmjs.org/@oxc-transform%2fbinding-linux-arm64-gnu 646ms (cache miss)
834 silly packumentCache full:https://registry.npmjs.org/@oxc-transform%2fbinding-linux-arm64-gnu set size:undefined disposed:false
835 silly fetch manifest @rolldown/binding-android-arm64@1.0.0-rc.1
836 silly packumentCache full:https://registry.npmjs.org/@rolldown%2fbinding-android-arm64 cache-miss
837 http fetch GET 200 https://registry.npmjs.org/@rolldown%2fpluginutils 52ms (cache miss)
838 silly packumentCache full:https://registry.npmjs.org/@rolldown%2fpluginutils set size:undefined disposed:false
839 silly fetch manifest @rolldown/binding-linux-x64-gnu@1.0.0-rc.1
840 silly packumentCache full:https://registry.npmjs.org/@rolldown%2fbinding-linux-x64-gnu cache-miss
841 http fetch GET 200 https://registry.npmjs.org/@oxc-transform%2fbinding-android-arm-eabi 637ms (cache miss)
842 silly packumentCache full:https://registry.npmjs.org/@oxc-transform%2fbinding-android-arm-eabi set size:undefined disposed:false
843 silly fetch manifest @rolldown/binding-linux-x64-musl@1.0.0-rc.1
844 silly packumentCache full:https://registry.npmjs.org/@rolldown%2fbinding-linux-x64-musl cache-miss
845 http fetch GET 200 https://registry.npmjs.org/@oxc-transform%2fbinding-win32-arm64-msvc 632ms (cache miss)
846 silly packumentCache full:https://registry.npmjs.org/@oxc-transform%2fbinding-win32-arm64-msvc set size:undefined disposed:false
847 silly fetch manifest @rolldown/binding-win32-x64-msvc@1.0.0-rc.1
848 silly packumentCache full:https://registry.npmjs.org/@rolldown%2fbinding-win32-x64-msvc cache-miss
849 http fetch GET 200 https://registry.npmjs.org/@oxc-transform%2fbinding-linux-arm64-musl 653ms (cache miss)
850 silly packumentCache full:https://registry.npmjs.org/@oxc-transform%2fbinding-linux-arm64-musl set size:undefined disposed:false
851 silly fetch manifest @rolldown/binding-linux-arm64-gnu@1.0.0-rc.1
852 silly packumentCache full:https://registry.npmjs.org/@rolldown%2fbinding-linux-arm64-gnu cache-miss
853 http fetch GET 200 https://registry.npmjs.org/@rolldown%2fbinding-darwin-x64 82ms (cache miss)
854 silly packumentCache full:https://registry.npmjs.org/@rolldown%2fbinding-darwin-x64 set size:undefined disposed:false
855 silly fetch manifest @rolldown/binding-linux-arm64-musl@1.0.0-rc.1
856 silly packumentCache full:https://registry.npmjs.org/@rolldown%2fbinding-linux-arm64-musl cache-miss
857 http fetch GET 200 https://registry.npmjs.org/@rolldown%2fbinding-freebsd-x64 91ms (cache miss)
858 silly packumentCache full:https://registry.npmjs.org/@rolldown%2fbinding-freebsd-x64 set size:undefined disposed:false
859 silly fetch manifest @rolldown/binding-win32-arm64-msvc@1.0.0-rc.1
860 silly packumentCache full:https://registry.npmjs.org/@rolldown%2fbinding-win32-arm64-msvc cache-miss
861 http fetch GET 200 https://registry.npmjs.org/@rolldown%2fbinding-wasm32-wasi 213ms (cache miss)
862 silly packumentCache full:https://registry.npmjs.org/@rolldown%2fbinding-wasm32-wasi set size:undefined disposed:false
863 silly fetch manifest @rolldown/binding-openharmony-arm64@1.0.0-rc.1
864 silly packumentCache full:https://registry.npmjs.org/@rolldown%2fbinding-openharmony-arm64 cache-miss
865 http fetch GET 200 https://registry.npmjs.org/@rolldown%2fbinding-linux-x64-gnu 204ms (cache miss)
866 silly packumentCache full:https://registry.npmjs.org/@rolldown%2fbinding-linux-x64-gnu set size:undefined disposed:false
867 silly fetch manifest @rolldown/binding-linux-arm-gnueabihf@1.0.0-rc.1
868 silly packumentCache full:https://registry.npmjs.org/@rolldown%2fbinding-linux-arm-gnueabihf cache-miss
869 http fetch GET 200 https://registry.npmjs.org/@rolldown%2fbinding-win32-x64-msvc 230ms (cache miss)
870 silly packumentCache full:https://registry.npmjs.org/@rolldown%2fbinding-win32-x64-msvc set size:undefined disposed:false
871 silly fetch manifest cookie-es@^2.0.0
872 silly packumentCache full:https://registry.npmjs.org/cookie-es cache-miss
873 http fetch GET 200 https://registry.npmjs.org/@rolldown%2fbinding-linux-x64-musl 264ms (cache miss)
874 silly packumentCache full:https://registry.npmjs.org/@rolldown%2fbinding-linux-x64-musl set size:undefined disposed:false
875 silly fetch manifest get-tsconfig@^4.7.5
876 silly packumentCache full:https://registry.npmjs.org/get-tsconfig cache-miss
877 http fetch GET 200 https://registry.npmjs.org/cookie-es 56ms (cache miss)
878 silly packumentCache full:https://registry.npmjs.org/cookie-es set size:undefined disposed:false
879 silly fetch manifest fsevents@~2.3.3
880 silly packumentCache full:https://registry.npmjs.org/fsevents cache-miss
881 http fetch GET 200 https://registry.npmjs.org/@oxc-project%2ftypes 384ms (cache miss)
882 silly packumentCache full:https://registry.npmjs.org/@oxc-project%2ftypes set size:undefined disposed:false
883 http fetch GET 200 https://registry.npmjs.org/get-tsconfig 48ms (cache miss)
884 silly packumentCache full:https://registry.npmjs.org/get-tsconfig set size:undefined disposed:false
885 http fetch GET 200 https://registry.npmjs.org/@rolldown%2fbinding-linux-arm64-gnu 318ms (cache miss)
886 silly packumentCache full:https://registry.npmjs.org/@rolldown%2fbinding-linux-arm64-gnu set size:undefined disposed:false
887 http fetch GET 200 https://registry.npmjs.org/fsevents 43ms (cache miss)
888 silly packumentCache full:https://registry.npmjs.org/fsevents set size:undefined disposed:false
889 http fetch GET 200 https://registry.npmjs.org/@rolldown%2fbinding-android-arm64 371ms (cache miss)
890 silly packumentCache full:https://registry.npmjs.org/@rolldown%2fbinding-android-arm64 set size:undefined disposed:false
891 http fetch GET 200 https://registry.npmjs.org/@oxc-transform%2fbinding-linux-riscv64-gnu 603ms (cache miss)
892 silly packumentCache full:https://registry.npmjs.org/@oxc-transform%2fbinding-linux-riscv64-gnu set size:undefined disposed:false
893 http fetch GET 200 https://registry.npmjs.org/@oxc-transform%2fbinding-openharmony-arm64 624ms (cache miss)
894 silly packumentCache full:https://registry.npmjs.org/@oxc-transform%2fbinding-openharmony-arm64 set size:undefined disposed:false
895 http fetch GET 200 https://registry.npmjs.org/@rolldown%2fbinding-darwin-arm64 414ms (cache miss)
896 silly packumentCache full:https://registry.npmjs.org/@rolldown%2fbinding-darwin-arm64 set size:undefined disposed:false
897 http fetch GET 200 https://registry.npmjs.org/@oxc-transform%2fbinding-linux-arm-gnueabihf 646ms (cache miss)
898 silly packumentCache full:https://registry.npmjs.org/@oxc-transform%2fbinding-linux-arm-gnueabihf set size:undefined disposed:false
899 http fetch GET 200 https://registry.npmjs.org/@oxc-transform%2fbinding-linux-riscv64-musl 655ms (cache miss)
900 silly packumentCache full:https://registry.npmjs.org/@oxc-transform%2fbinding-linux-riscv64-musl set size:undefined disposed:false
901 http fetch GET 200 https://registry.npmjs.org/@rolldown%2fbinding-linux-arm64-musl 386ms (cache miss)
902 silly packumentCache full:https://registry.npmjs.org/@rolldown%2fbinding-linux-arm64-musl set size:undefined disposed:false
903 http fetch GET 200 https://registry.npmjs.org/@oxc-transform%2fbinding-linux-arm-musleabihf 641ms (cache miss)
904 silly packumentCache full:https://registry.npmjs.org/@oxc-transform%2fbinding-linux-arm-musleabihf set size:undefined disposed:false
905 http fetch GET 200 https://registry.npmjs.org/@rolldown%2fbinding-linux-arm-gnueabihf 426ms (cache miss)
906 silly packumentCache full:https://registry.npmjs.org/@rolldown%2fbinding-linux-arm-gnueabihf set size:undefined disposed:false
907 http fetch GET 200 https://registry.npmjs.org/@rolldown%2fbinding-win32-arm64-msvc 648ms (cache miss)
908 silly packumentCache full:https://registry.npmjs.org/@rolldown%2fbinding-win32-arm64-msvc set size:undefined disposed:false
909 http fetch GET 200 https://registry.npmjs.org/@rolldown%2fbinding-openharmony-arm64 607ms (cache miss)
910 silly packumentCache full:https://registry.npmjs.org/@rolldown%2fbinding-openharmony-arm64 set size:undefined disposed:false
911 silly placeDep ROOT async-retry@1.3.3 OK for: @vercel/blob@2.4.0 want: ^1.3.3
912 silly placeDep ROOT is-buffer@2.0.5 OK for: @vercel/blob@2.4.0 want: ^2.0.5
913 silly placeDep ROOT is-node-process@1.2.0 OK for: @vercel/blob@2.4.0 want: ^1.2.0
914 silly placeDep ROOT throttleit@2.1.0 OK for: @vercel/blob@2.4.0 want: ^2.1.0
915 silly placeDep ROOT undici@6.27.0 OK for: @vercel/blob@2.4.0 want: ^6.23.0
916 silly fetch manifest retry@0.13.1
917 silly packumentCache full:https://registry.npmjs.org/retry cache-miss
918 http fetch GET 200 https://registry.npmjs.org/retry 28ms (cache miss)
919 silly packumentCache full:https://registry.npmjs.org/retry set size:undefined disposed:false
920 silly placeDep ROOT @vercel/python-analysis@0.11.1 OK for: @vercel/build-utils@13.30.0 want: 0.11.1
921 silly placeDep ROOT cjs-module-lexer@1.2.3 OK for: @vercel/build-utils@13.30.0 want: 1.2.3
922 silly placeDep ROOT es-module-lexer@1.5.0 OK for: @vercel/build-utils@13.30.0 want: 1.5.0
923 silly fetch manifest js-yaml@4.1.1
924 silly packumentCache full:https://registry.npmjs.org/js-yaml cache-miss
925 silly fetch manifest fs-extra@11.1.1
926 silly packumentCache full:https://registry.npmjs.org/fs-extra cache-miss
927 silly fetch manifest minimatch@10.1.1
928 silly packumentCache full:https://registry.npmjs.org/minimatch cache-miss
929 silly fetch manifest @renovatebot/pep440@4.2.1
930 silly packumentCache full:https://registry.npmjs.org/@renovatebot%2fpep440 cache-miss
931 silly fetch manifest @bytecodealliance/preview2-shim@0.17.6
932 silly packumentCache full:https://registry.npmjs.org/@bytecodealliance%2fpreview2-shim cache-miss
933 http cache https://registry.npmjs.org/fs-extra 7ms (cache hit)
934 silly packumentCache full:https://registry.npmjs.org/fs-extra set size:234923 disposed:false
935 http fetch GET 200 https://registry.npmjs.org/js-yaml 46ms (cache miss)
936 silly packumentCache full:https://registry.npmjs.org/js-yaml set size:undefined disposed:false
937 http fetch GET 200 https://registry.npmjs.org/minimatch 55ms (cache miss)
938 silly packumentCache full:https://registry.npmjs.org/minimatch set size:undefined disposed:false
939 http fetch GET 200 https://registry.npmjs.org/@bytecodealliance%2fpreview2-shim 607ms (cache miss)
940 silly packumentCache full:https://registry.npmjs.org/@bytecodealliance%2fpreview2-shim set size:undefined disposed:false
941 http fetch GET 200 https://registry.npmjs.org/@renovatebot%2fpep440 630ms (cache miss)
942 silly packumentCache full:https://registry.npmjs.org/@renovatebot%2fpep440 set size:undefined disposed:false
943 silly placeDep ROOT @napi-rs/keyring@1.2.0 OK for: @vercel/cli-auth@0.3.0 want: 1.2.0
944 silly placeDep ROOT async-listen@3.0.0 OK for: @vercel/cli-auth@0.3.0 want: 3.0.0
945 silly placeDep ROOT open@8.4.0 OK for: @vercel/cli-auth@0.3.0 want: 8.4.0
946 silly fetch manifest @napi-rs/keyring-darwin-x64@1.2.0
947 silly packumentCache full:https://registry.npmjs.org/@napi-rs%2fkeyring-darwin-x64 cache-miss
948 silly fetch manifest @napi-rs/keyring-freebsd-x64@1.2.0
949 silly packumentCache full:https://registry.npmjs.org/@napi-rs%2fkeyring-freebsd-x64 cache-miss
950 silly fetch manifest @napi-rs/keyring-darwin-arm64@1.2.0
951 silly packumentCache full:https://registry.npmjs.org/@napi-rs%2fkeyring-darwin-arm64 cache-miss
952 silly fetch manifest @napi-rs/keyring-linux-x64-gnu@1.2.0
953 silly packumentCache full:https://registry.npmjs.org/@napi-rs%2fkeyring-linux-x64-gnu cache-miss
954 silly fetch manifest @napi-rs/keyring-linux-x64-musl@1.2.0
955 silly packumentCache full:https://registry.npmjs.org/@napi-rs%2fkeyring-linux-x64-musl cache-miss
956 silly fetch manifest @napi-rs/keyring-win32-x64-msvc@1.2.0
957 silly packumentCache full:https://registry.npmjs.org/@napi-rs%2fkeyring-win32-x64-msvc cache-miss
958 silly fetch manifest @napi-rs/keyring-linux-arm64-gnu@1.2.0
959 silly packumentCache full:https://registry.npmjs.org/@napi-rs%2fkeyring-linux-arm64-gnu cache-miss
960 silly fetch manifest @napi-rs/keyring-win32-ia32-msvc@1.2.0
961 silly packumentCache full:https://registry.npmjs.org/@napi-rs%2fkeyring-win32-ia32-msvc cache-miss
962 silly fetch manifest @napi-rs/keyring-linux-arm64-musl@1.2.0
963 silly packumentCache full:https://registry.npmjs.org/@napi-rs%2fkeyring-linux-arm64-musl cache-miss
964 silly fetch manifest @napi-rs/keyring-win32-arm64-msvc@1.2.0
965 silly packumentCache full:https://registry.npmjs.org/@napi-rs%2fkeyring-win32-arm64-msvc cache-miss
966 silly fetch manifest @napi-rs/keyring-linux-riscv64-gnu@1.2.0
967 silly packumentCache full:https://registry.npmjs.org/@napi-rs%2fkeyring-linux-riscv64-gnu cache-miss
968 silly fetch manifest @napi-rs/keyring-linux-arm-gnueabihf@1.2.0
969 silly packumentCache full:https://registry.npmjs.org/@napi-rs%2fkeyring-linux-arm-gnueabihf cache-miss
970 silly fetch manifest is-wsl@^2.2.0
971 silly packumentCache full:https://registry.npmjs.org/is-wsl cache-miss
972 silly fetch manifest is-docker@^2.1.1
973 silly packumentCache full:https://registry.npmjs.org/is-docker cache-miss
974 silly fetch manifest define-lazy-prop@^2.0.0
975 silly packumentCache full:https://registry.npmjs.org/define-lazy-prop cache-miss
976 http fetch GET 200 https://registry.npmjs.org/is-wsl 48ms (cache miss)
977 silly packumentCache full:https://registry.npmjs.org/is-wsl set size:undefined disposed:false
978 http fetch GET 200 https://registry.npmjs.org/define-lazy-prop 243ms (cache miss)
979 silly packumentCache full:https://registry.npmjs.org/define-lazy-prop set size:undefined disposed:false
980 http fetch GET 200 https://registry.npmjs.org/is-docker 244ms (cache miss)
981 silly packumentCache full:https://registry.npmjs.org/is-docker set size:undefined disposed:false
982 http fetch GET 200 https://registry.npmjs.org/@napi-rs%2fkeyring-freebsd-x64 590ms (cache miss)
983 silly packumentCache full:https://registry.npmjs.org/@napi-rs%2fkeyring-freebsd-x64 set size:undefined disposed:false
984 http fetch GET 200 https://registry.npmjs.org/@napi-rs%2fkeyring-darwin-x64 603ms (cache miss)
985 silly packumentCache full:https://registry.npmjs.org/@napi-rs%2fkeyring-darwin-x64 set size:undefined disposed:false
986 http fetch GET 200 https://registry.npmjs.org/@napi-rs%2fkeyring-linux-x64-musl 610ms (cache miss)
987 silly packumentCache full:https://registry.npmjs.org/@napi-rs%2fkeyring-linux-x64-musl set size:undefined disposed:false
988 http fetch GET 200 https://registry.npmjs.org/@napi-rs%2fkeyring-darwin-arm64 611ms (cache miss)
989 silly packumentCache full:https://registry.npmjs.org/@napi-rs%2fkeyring-darwin-arm64 set size:undefined disposed:false
990 http fetch GET 200 https://registry.npmjs.org/@napi-rs%2fkeyring-linux-riscv64-gnu 611ms (cache miss)
991 silly packumentCache full:https://registry.npmjs.org/@napi-rs%2fkeyring-linux-riscv64-gnu set size:undefined disposed:false
992 http fetch GET 200 https://registry.npmjs.org/@napi-rs%2fkeyring-win32-ia32-msvc 615ms (cache miss)
993 silly packumentCache full:https://registry.npmjs.org/@napi-rs%2fkeyring-win32-ia32-msvc set size:undefined disposed:false
994 http fetch GET 200 https://registry.npmjs.org/@napi-rs%2fkeyring-linux-x64-gnu 618ms (cache miss)
995 silly packumentCache full:https://registry.npmjs.org/@napi-rs%2fkeyring-linux-x64-gnu set size:undefined disposed:false
996 http fetch GET 200 https://registry.npmjs.org/@napi-rs%2fkeyring-linux-arm64-gnu 631ms (cache miss)
997 silly packumentCache full:https://registry.npmjs.org/@napi-rs%2fkeyring-linux-arm64-gnu set size:undefined disposed:false
998 http fetch GET 200 https://registry.npmjs.org/@napi-rs%2fkeyring-win32-arm64-msvc 631ms (cache miss)
999 silly packumentCache full:https://registry.npmjs.org/@napi-rs%2fkeyring-win32-arm64-msvc set size:undefined disposed:false
1000 http fetch GET 200 https://registry.npmjs.org/@napi-rs%2fkeyring-linux-arm-gnueabihf 640ms (cache miss)
1001 silly packumentCache full:https://registry.npmjs.org/@napi-rs%2fkeyring-linux-arm-gnueabihf set size:undefined disposed:false
1002 http fetch GET 200 https://registry.npmjs.org/@napi-rs%2fkeyring-linux-arm64-musl 654ms (cache miss)
1003 silly packumentCache full:https://registry.npmjs.org/@napi-rs%2fkeyring-linux-arm64-musl set size:undefined disposed:false
1004 http fetch GET 200 https://registry.npmjs.org/@napi-rs%2fkeyring-win32-x64-msvc 1032ms (cache miss)
1005 silly packumentCache full:https://registry.npmjs.org/@napi-rs%2fkeyring-win32-x64-msvc set size:undefined disposed:false
1006 silly placeDep ROOT @napi-rs/keyring-darwin-arm64@1.2.0 OK for: @napi-rs/keyring@1.2.0 want: 1.2.0
1007 silly placeDep ROOT @napi-rs/keyring-darwin-x64@1.2.0 OK for: @napi-rs/keyring@1.2.0 want: 1.2.0
1008 silly placeDep ROOT @napi-rs/keyring-freebsd-x64@1.2.0 OK for: @napi-rs/keyring@1.2.0 want: 1.2.0
1009 silly placeDep ROOT @napi-rs/keyring-linux-arm-gnueabihf@1.2.0 OK for: @napi-rs/keyring@1.2.0 want: 1.2.0
1010 silly placeDep ROOT @napi-rs/keyring-linux-arm64-gnu@1.2.0 OK for: @napi-rs/keyring@1.2.0 want: 1.2.0
1011 silly placeDep ROOT @napi-rs/keyring-linux-arm64-musl@1.2.0 OK for: @napi-rs/keyring@1.2.0 want: 1.2.0
1012 silly placeDep ROOT @napi-rs/keyring-linux-riscv64-gnu@1.2.0 OK for: @napi-rs/keyring@1.2.0 want: 1.2.0
1013 silly placeDep ROOT @napi-rs/keyring-linux-x64-gnu@1.2.0 OK for: @napi-rs/keyring@1.2.0 want: 1.2.0
1014 silly placeDep ROOT @napi-rs/keyring-linux-x64-musl@1.2.0 OK for: @napi-rs/keyring@1.2.0 want: 1.2.0
1015 silly placeDep ROOT @napi-rs/keyring-win32-arm64-msvc@1.2.0 OK for: @napi-rs/keyring@1.2.0 want: 1.2.0
1016 silly placeDep ROOT @napi-rs/keyring-win32-ia32-msvc@1.2.0 OK for: @napi-rs/keyring@1.2.0 want: 1.2.0
1017 silly placeDep ROOT @napi-rs/keyring-win32-x64-msvc@1.2.0 OK for: @napi-rs/keyring@1.2.0 want: 1.2.0
1018 silly placeDep ROOT xdg-app-paths@5.5.1 OK for: @vercel/cli-config@0.2.0 want: 5
1019 silly fetch manifest os-paths@^4.0.1
1020 silly packumentCache full:https://registry.npmjs.org/os-paths cache-miss
1021 silly fetch manifest xdg-portable@^7.2.0
1022 silly packumentCache full:https://registry.npmjs.org/xdg-portable cache-miss
1023 http fetch GET 200 https://registry.npmjs.org/xdg-portable 251ms (cache miss)
1024 silly packumentCache full:https://registry.npmjs.org/xdg-portable set size:undefined disposed:false
1025 http fetch GET 200 https://registry.npmjs.org/os-paths 254ms (cache miss)
1026 silly packumentCache full:https://registry.npmjs.org/os-paths set size:undefined disposed:false
1027 silly placeDep ROOT @vercel/static-config@3.4.0 OK for: @vercel/elysia@0.1.93 want: 3.4.0
1028 silly fetch manifest ajv@8.6.3
1029 silly packumentCache full:https://registry.npmjs.org/ajv cache-miss
1030 silly fetch manifest json-schema-to-ts@1.6.4
1031 silly packumentCache full:https://registry.npmjs.org/json-schema-to-ts cache-miss
1032 http fetch GET 200 https://registry.npmjs.org/ajv 51ms (cache miss)
1033 silly packumentCache full:https://registry.npmjs.org/ajv set size:undefined disposed:false
1034 http fetch GET 200 https://registry.npmjs.org/json-schema-to-ts 261ms (cache miss)
1035 silly packumentCache full:https://registry.npmjs.org/json-schema-to-ts set size:undefined disposed:false
1036 silly placeDep ROOT @vercel/cervel@0.1.22 OK for: @vercel/express@0.1.105 want: 0.1.22
1037 silly placeDep ROOT ts-morph@12.0.0 OK for: @vercel/express@0.1.105 want: 12.0.0
1038 silly placeDep node_modules/@vercel/express zod@3.22.4 OK for: @vercel/express@0.1.105 want: 3.22.4
1039 silly fetch manifest @ts-morph/common@~0.11.0
1040 silly packumentCache full:https://registry.npmjs.org/@ts-morph%2fcommon cache-miss
1041 silly fetch manifest code-block-writer@^10.1.1
1042 silly packumentCache full:https://registry.npmjs.org/code-block-writer cache-miss
1043 http fetch GET 200 https://registry.npmjs.org/code-block-writer 250ms (cache miss)
1044 silly packumentCache full:https://registry.npmjs.org/code-block-writer set size:undefined disposed:false
1045 http fetch GET 200 https://registry.npmjs.org/@ts-morph%2fcommon 608ms (cache miss)
1046 silly packumentCache full:https://registry.npmjs.org/@ts-morph%2fcommon set size:undefined disposed:false
1047 silly fetch manifest encoding@^0.1.0
1048 silly packumentCache full:https://registry.npmjs.org/encoding cache-miss
1049 http fetch GET 200 https://registry.npmjs.org/encoding 28ms (cache miss)
1050 silly packumentCache full:https://registry.npmjs.org/encoding set size:undefined disposed:false
1051 silly placeDep ROOT @tootallnate/once@2.0.0 OK for: @vercel/fun@1.3.0 want: 2.0.0
1052 silly placeDep node_modules/@vercel/fun async-listen@1.2.0 OK for: @vercel/fun@1.3.0 want: 1.2.0
1053 silly placeDep ROOT debug@4.3.4 OK for: @vercel/fun@1.3.0 want: 4.3.4
1054 silly placeDep ROOT generic-pool@3.4.2 OK for: @vercel/fun@1.3.0 want: 3.4.2
1055 silly placeDep ROOT micro@9.3.5-canary.3 OK for: @vercel/fun@1.3.0 want: 9.3.5-canary.3
1056 silly placeDep ROOT ms@2.1.1 OK for: @vercel/fun@1.3.0 want: 2.1.1
1057 silly placeDep ROOT node-fetch@2.6.7 OK for: @vercel/fun@1.3.0 want: 2.6.7
1058 silly placeDep node_modules/@vercel/fun path-to-regexp@8.2.0 OK for: @vercel/fun@1.3.0 want: 8.2.0
1059 silly placeDep ROOT promisepipe@3.0.0 OK for: @vercel/fun@1.3.0 want: 3.0.0
1060 silly placeDep ROOT semver@7.5.4 OK for: @vercel/fun@1.3.0 want: 7.5.4
1061 silly placeDep ROOT stat-mode@0.3.0 OK for: @vercel/fun@1.3.0 want: 0.3.0
1062 silly placeDep ROOT stream-to-promise@2.2.0 OK for: @vercel/fun@1.3.0 want: 2.2.0
1063 silly placeDep ROOT tar@7.5.7 OK for: @vercel/fun@1.3.0 want: 7.5.7
1064 silly placeDep ROOT tinyexec@0.3.2 OK for: @vercel/fun@1.3.0 want: 0.3.2
1065 silly placeDep ROOT tree-kill@1.2.2 OK for: @vercel/fun@1.3.0 want: 1.2.2
1066 silly placeDep ROOT uid-promise@1.0.0 OK for: @vercel/fun@1.3.0 want: 1.0.0
1067 silly placeDep node_modules/@vercel/fun xdg-app-paths@5.1.0 OK for: @vercel/fun@1.3.0 want: 5.1.0
1068 silly placeDep ROOT yauzl-promise@2.1.3 OK for: @vercel/fun@1.3.0 want: 2.1.3
1069 silly fetch manifest ms@2.1.2
1070 silly packumentCache full:https://registry.npmjs.org/ms cache-miss
1071 silly fetch manifest arg@4.1.0
1072 silly packumentCache full:https://registry.npmjs.org/arg cache-miss
1073 silly fetch manifest raw-body@2.4.1
1074 silly packumentCache full:https://registry.npmjs.org/raw-body cache-miss
1075 silly fetch manifest content-type@1.0.4
1076 silly packumentCache full:https://registry.npmjs.org/content-type cache-miss
1077 silly fetch manifest whatwg-url@^5.0.0
1078 silly packumentCache full:https://registry.npmjs.org/whatwg-url cache-miss
1079 silly fetch manifest lru-cache@^6.0.0
1080 silly packumentCache full:https://registry.npmjs.org/lru-cache cache-miss
1081 silly fetch manifest any-promise@~1.3.0
1082 silly packumentCache full:https://registry.npmjs.org/any-promise cache-miss
1083 silly fetch manifest end-of-stream@~1.1.0
1084 silly packumentCache full:https://registry.npmjs.org/end-of-stream cache-miss
1085 silly fetch manifest stream-to-array@~2.3.0
1086 silly packumentCache full:https://registry.npmjs.org/stream-to-array cache-miss
1087 silly fetch manifest chownr@^3.0.0
1088 silly packumentCache full:https://registry.npmjs.org/chownr cache-miss
1089 silly fetch manifest yallist@^5.0.0
1090 silly packumentCache full:https://registry.npmjs.org/yallist cache-miss
1091 silly fetch manifest minipass@^7.1.2
1092 silly packumentCache full:https://registry.npmjs.org/minipass cache-miss
1093 silly fetch manifest minizlib@^3.1.0
1094 silly packumentCache full:https://registry.npmjs.org/minizlib cache-miss
1095 silly fetch manifest @isaacs/fs-minipass@^4.0.0
1096 silly packumentCache full:https://registry.npmjs.org/@isaacs%2ffs-minipass cache-miss
1097 silly fetch manifest xdg-portable@^7.0.0
1098 silly packumentCache full:https://registry.npmjs.org/xdg-portable cache-miss
1099 http cache https://registry.npmjs.org/ms 11ms (cache hit)
1100 silly packumentCache full:https://registry.npmjs.org/ms set size:92208 disposed:false
1101 silly fetch manifest yauzl@^2.9.1
1102 silly packumentCache full:https://registry.npmjs.org/yauzl cache-miss
1103 http cache https://registry.npmjs.org/xdg-portable 13ms (cache hit)
1104 silly packumentCache full:https://registry.npmjs.org/xdg-portable set size:329210 disposed:false
1105 silly fetch manifest yauzl-clone@^1.0.4
1106 silly packumentCache full:https://registry.npmjs.org/yauzl-clone cache-miss
1107 http cache https://registry.npmjs.org/lru-cache 18ms (cache hit)
1108 silly packumentCache full:https://registry.npmjs.org/lru-cache set size:456196 disposed:false
1109 http fetch GET 200 https://registry.npmjs.org/whatwg-url 30ms (cache miss)
1110 silly packumentCache full:https://registry.npmjs.org/whatwg-url set size:undefined disposed:false
1111 http fetch GET 200 https://registry.npmjs.org/raw-body 35ms (cache miss)
1112 silly packumentCache full:https://registry.npmjs.org/raw-body set size:undefined disposed:false
1113 http fetch GET 200 https://registry.npmjs.org/chownr 38ms (cache miss)
1114 silly packumentCache full:https://registry.npmjs.org/chownr set size:undefined disposed:false
1115 http fetch GET 200 https://registry.npmjs.org/end-of-stream 43ms (cache miss)
1116 silly packumentCache full:https://registry.npmjs.org/end-of-stream set size:undefined disposed:false
1117 http fetch GET 200 https://registry.npmjs.org/minizlib 44ms (cache miss)
1118 silly packumentCache full:https://registry.npmjs.org/minizlib set size:undefined disposed:false
1119 http fetch GET 200 https://registry.npmjs.org/any-promise 51ms (cache miss)
1120 silly packumentCache full:https://registry.npmjs.org/any-promise set size:undefined disposed:false
1121 http fetch GET 200 https://registry.npmjs.org/arg 52ms (cache miss)
1122 silly packumentCache full:https://registry.npmjs.org/arg set size:undefined disposed:false
1123 http fetch GET 200 https://registry.npmjs.org/yallist 52ms (cache miss)
1124 silly packumentCache full:https://registry.npmjs.org/yallist set size:undefined disposed:false
1125 http fetch GET 200 https://registry.npmjs.org/minipass 55ms (cache miss)
1126 silly packumentCache full:https://registry.npmjs.org/minipass set size:undefined disposed:false
1127 http fetch GET 200 https://registry.npmjs.org/yauzl 47ms (cache miss)
1128 silly packumentCache full:https://registry.npmjs.org/yauzl set size:undefined disposed:false
1129 http fetch GET 200 https://registry.npmjs.org/@isaacs%2ffs-minipass 61ms (cache miss)
1130 silly packumentCache full:https://registry.npmjs.org/@isaacs%2ffs-minipass set size:undefined disposed:false
1131 http fetch GET 200 https://registry.npmjs.org/stream-to-array 227ms (cache miss)
1132 silly packumentCache full:https://registry.npmjs.org/stream-to-array set size:undefined disposed:false
1133 http fetch GET 200 https://registry.npmjs.org/content-type 241ms (cache miss)
1134 silly packumentCache full:https://registry.npmjs.org/content-type set size:undefined disposed:false
1135 http fetch GET 200 https://registry.npmjs.org/yauzl-clone 235ms (cache miss)
1136 silly packumentCache full:https://registry.npmjs.org/yauzl-clone set size:undefined disposed:false
1137 silly placeDep node_modules/@vercel/hono zod@3.22.4 OK for: @vercel/hono@0.2.96 want: 3.22.4
1138 silly fetch manifest rollup@^1.20.0||^2.0.0||^3.0.0||^4.0.0
1139 silly packumentCache full:https://registry.npmjs.org/rollup cache-miss
1140 http fetch GET 200 https://registry.npmjs.org/rollup 160ms (cache miss)
1141 silly packumentCache full:https://registry.npmjs.org/rollup set size:undefined disposed:false
1142 silly placeDep ROOT @mapbox/node-pre-gyp@2.0.3 OK for: @vercel/nft@1.10.0 want: ^2.0.0
1143 silly placeDep ROOT @rollup/pluginutils@5.4.0 OK for: @vercel/nft@1.10.0 want: ^5.1.3
1144 silly placeDep ROOT acorn@8.17.0 OK for: @vercel/nft@1.10.0 want: ^8.6.0
1145 silly placeDep ROOT acorn-import-attributes@1.9.5 OK for: @vercel/nft@1.10.0 want: ^1.9.5
1146 silly placeDep ROOT async-sema@3.1.1 OK for: @vercel/nft@1.10.0 want: ^3.1.1
1147 silly placeDep ROOT bindings@1.5.0 OK for: @vercel/nft@1.10.0 want: ^1.4.0
1148 silly placeDep ROOT estree-walker@2.0.2 OK for: @vercel/nft@1.10.0 want: 2.0.2
1149 silly placeDep ROOT glob@13.0.6 OK for: @vercel/nft@1.10.0 want: ^13.0.0
1150 silly placeDep ROOT graceful-fs@4.2.11 OK for: @vercel/nft@1.10.0 want: ^4.2.9
1151 silly placeDep ROOT node-gyp-build@4.8.4 OK for: @vercel/nft@1.10.0 want: ^4.2.2
1152 silly placeDep ROOT picomatch@4.0.4 OK for: @vercel/nft@1.10.0 want: ^4.0.2
1153 silly placeDep ROOT resolve-from@5.0.0 OK for: @vercel/nft@1.10.0 want: ^5.0.0
1154 silly fetch manifest nopt@^8.0.0
1155 silly packumentCache full:https://registry.npmjs.org/nopt cache-miss
1156 silly fetch manifest consola@^3.2.3
1157 silly packumentCache full:https://registry.npmjs.org/consola cache-miss
1158 silly fetch manifest detect-libc@^2.0.0
1159 silly packumentCache full:https://registry.npmjs.org/detect-libc cache-miss
1160 silly fetch manifest https-proxy-agent@^7.0.5
1161 silly packumentCache full:https://registry.npmjs.org/https-proxy-agent cache-miss
1162 silly fetch manifest @types/estree@^1.0.0
1163 silly packumentCache full:https://registry.npmjs.org/@types%2festree cache-miss
1164 silly fetch manifest estree-walker@^2.0.2
1165 silly packumentCache full:https://registry.npmjs.org/estree-walker cache-miss
1166 silly fetch manifest file-uri-to-path@1.0.0
1167 silly packumentCache full:https://registry.npmjs.org/file-uri-to-path cache-miss
1168 silly fetch manifest minimatch@^10.2.2
1169 silly packumentCache full:https://registry.npmjs.org/minimatch cache-miss
1170 silly fetch manifest minipass@^7.1.3
1171 silly packumentCache full:https://registry.npmjs.org/minipass cache-miss
1172 silly fetch manifest path-scurry@^2.0.2
1173 silly packumentCache full:https://registry.npmjs.org/path-scurry cache-miss
1174 http cache https://registry.npmjs.org/estree-walker 23ms (cache hit)
1175 silly packumentCache full:https://registry.npmjs.org/estree-walker set size:60887 disposed:false
1176 http cache https://registry.npmjs.org/minimatch 25ms (cache hit)
1177 silly packumentCache full:https://registry.npmjs.org/minimatch set size:375282 disposed:false
1178 http cache https://registry.npmjs.org/https-proxy-agent 28ms (cache hit)
1179 silly packumentCache full:https://registry.npmjs.org/https-proxy-agent set size:83792 disposed:false
1180 http cache https://registry.npmjs.org/minipass 28ms (cache hit)
1181 silly packumentCache full:https://registry.npmjs.org/minipass set size:276925 disposed:false
1182 http fetch GET 200 https://registry.npmjs.org/detect-libc 40ms (cache miss)
1183 silly packumentCache full:https://registry.npmjs.org/detect-libc set size:undefined disposed:false
1184 http fetch GET 200 https://registry.npmjs.org/nopt 44ms (cache miss)
1185 silly packumentCache full:https://registry.npmjs.org/nopt set size:undefined disposed:false
1186 http fetch GET 200 https://registry.npmjs.org/path-scurry 42ms (cache miss)
1187 silly packumentCache full:https://registry.npmjs.org/path-scurry set size:undefined disposed:false
1188 http fetch GET 200 https://registry.npmjs.org/@types%2festree 44ms (cache miss)
1189 silly packumentCache full:https://registry.npmjs.org/@types%2festree set size:undefined disposed:false
1190 http fetch GET 200 https://registry.npmjs.org/consola 50ms (cache miss)
1191 silly packumentCache full:https://registry.npmjs.org/consola set size:undefined disposed:false
1192 http fetch GET 200 https://registry.npmjs.org/file-uri-to-path 56ms (cache miss)
1193 silly packumentCache full:https://registry.npmjs.org/file-uri-to-path set size:undefined disposed:false
1194 silly placeDep ROOT consola@3.4.2 OK for: @mapbox/node-pre-gyp@2.0.3 want: ^3.2.3
1195 silly placeDep ROOT detect-libc@2.1.2 OK for: @mapbox/node-pre-gyp@2.0.3 want: ^2.0.0
1196 silly placeDep ROOT https-proxy-agent@7.0.6 OK for: @mapbox/node-pre-gyp@2.0.3 want: ^7.0.5
1197 silly placeDep ROOT nopt@8.1.0 OK for: @mapbox/node-pre-gyp@2.0.3 want: ^8.0.0
1198 silly fetch manifest agent-base@^7.1.2
1199 silly packumentCache full:https://registry.npmjs.org/agent-base cache-miss
1200 silly fetch manifest abbrev@^3.0.0
1201 silly packumentCache full:https://registry.npmjs.org/abbrev cache-miss
1202 http cache https://registry.npmjs.org/agent-base 5ms (cache hit)
1203 silly packumentCache full:https://registry.npmjs.org/agent-base set size:72085 disposed:false
1204 http fetch GET 200 https://registry.npmjs.org/abbrev 41ms (cache miss)
1205 silly packumentCache full:https://registry.npmjs.org/abbrev set size:undefined disposed:false
1206 silly placeDep ROOT @types/estree@1.0.9 OK for: @rollup/pluginutils@5.4.0 want: ^1.0.0
1207 silly placeDep ROOT @edge-runtime/node-utils@2.3.0 OK for: @vercel/node@5.8.17 want: 2.3.0
1208 silly placeDep ROOT @edge-runtime/primitives@4.1.0 OK for: @vercel/node@5.8.17 want: 4.1.0
1209 silly placeDep ROOT @edge-runtime/vm@3.2.0 OK for: @vercel/node@5.8.17 want: 3.2.0
1210 silly placeDep ROOT @types/node@20.11.0 OK for: @vercel/node@5.8.17 want: 20.11.0
1211 silly placeDep ROOT @vercel/error-utils@2.2.0 OK for: @vercel/node@5.8.17 want: 2.2.0
1212 silly placeDep ROOT edge-runtime@2.5.9 OK for: @vercel/node@5.8.17 want: 2.5.9
1213 silly placeDep node_modules/@vercel/node es-module-lexer@1.4.1 OK for: @vercel/node@5.8.17 want: 1.4.1
1214 silly placeDep ROOT etag@1.8.1 OK for: @vercel/node@5.8.17 want: 1.8.1
1215 silly placeDep ROOT mime-types@2.1.35 OK for: @vercel/node@5.8.17 want: 2.1.35
1216 silly placeDep node_modules/@vercel/node node-fetch@2.6.9 OK for: @vercel/node@5.8.17 want: 2.6.9
1217 silly placeDep node_modules/@vercel/node path-to-regexp@6.1.0 OK for: @vercel/node@5.8.17 want: 6.1.0
1218 silly placeDep ROOT path-to-regexp-updated@6.3.0 OK for: @vercel/node@5.8.17 want: npm:path-to-regexp@6.3.0
1219 silly placeDep ROOT typescript@5.9.3 OK for: @vercel/node@5.8.17 want: npm:typescript@5.9.3
1220 silly placeDep node_modules/@vercel/node undici@5.28.4 OK for: @vercel/node@5.8.17 want: 5.28.4
1221 silly fetch manifest undici-types@~5.26.4
1222 silly packumentCache full:https://registry.npmjs.org/undici-types cache-miss
1223 silly fetch manifest mri@1.2.0
1224 silly packumentCache full:https://registry.npmjs.org/mri cache-miss
1225 silly fetch manifest pretty-ms@7.0.1
1226 silly packumentCache full:https://registry.npmjs.org/pretty-ms cache-miss
1227 silly fetch manifest time-span@4.0.0
1228 silly packumentCache full:https://registry.npmjs.org/time-span cache-miss
1229 silly fetch manifest picocolors@1.0.0
1230 silly packumentCache full:https://registry.npmjs.org/picocolors cache-miss
1231 silly fetch manifest signal-exit@4.0.2
1232 silly packumentCache full:https://registry.npmjs.org/signal-exit cache-miss
1233 silly fetch manifest async-listen@3.0.1
1234 silly packumentCache full:https://registry.npmjs.org/async-listen cache-hit
1235 silly fetch manifest @edge-runtime/format@2.2.1
1236 silly packumentCache full:https://registry.npmjs.org/@edge-runtime%2fformat cache-miss
1237 silly fetch manifest @edge-runtime/ponyfill@2.4.2
1238 silly packumentCache full:https://registry.npmjs.org/@edge-runtime%2fponyfill cache-miss
1239 silly fetch manifest mime-db@1.52.0
1240 silly packumentCache full:https://registry.npmjs.org/mime-db cache-miss
1241 silly fetch manifest @fastify/busboy@^2.0.0
1242 silly packumentCache full:https://registry.npmjs.org/@fastify%2fbusboy cache-miss
1243 http cache https://registry.npmjs.org/signal-exit 7ms (cache hit)
1244 silly packumentCache full:https://registry.npmjs.org/signal-exit set size:53489 disposed:false
1245 http fetch GET 200 https://registry.npmjs.org/mime-db 36ms (cache miss)
1246 silly packumentCache full:https://registry.npmjs.org/mime-db set size:undefined disposed:false
1247 http fetch GET 200 https://registry.npmjs.org/picocolors 42ms (cache miss)
1248 silly packumentCache full:https://registry.npmjs.org/picocolors set size:undefined disposed:false
1249 http fetch GET 200 https://registry.npmjs.org/undici-types 44ms (cache miss)
1250 silly packumentCache full:https://registry.npmjs.org/undici-types set size:undefined disposed:false
1251 http fetch GET 200 https://registry.npmjs.org/pretty-ms 244ms (cache miss)
1252 silly packumentCache full:https://registry.npmjs.org/pretty-ms set size:undefined disposed:false
1253 http fetch GET 200 https://registry.npmjs.org/mri 251ms (cache miss)
1254 silly packumentCache full:https://registry.npmjs.org/mri set size:undefined disposed:false
1255 http fetch GET 200 https://registry.npmjs.org/time-span 257ms (cache miss)
1256 silly packumentCache full:https://registry.npmjs.org/time-span set size:undefined disposed:false
1257 http fetch GET 200 https://registry.npmjs.org/@edge-runtime%2fformat 614ms (cache miss)
1258 silly packumentCache full:https://registry.npmjs.org/@edge-runtime%2fformat set size:undefined disposed:false
1259 http fetch GET 200 https://registry.npmjs.org/@edge-runtime%2fponyfill 623ms (cache miss)
1260 silly packumentCache full:https://registry.npmjs.org/@edge-runtime%2fponyfill set size:undefined disposed:false
1261 http fetch GET 200 https://registry.npmjs.org/@fastify%2fbusboy 624ms (cache miss)
1262 silly packumentCache full:https://registry.npmjs.org/@fastify%2fbusboy set size:undefined disposed:false
1263 silly placeDep ROOT undici-types@5.26.5 OK for: @types/node@20.11.0 want: ~5.26.4
1264 silly placeDep ROOT @bytecodealliance/preview2-shim@0.17.6 OK for: @vercel/python-analysis@0.11.1 want: 0.17.6
1265 silly placeDep ROOT @renovatebot/pep440@4.2.1 OK for: @vercel/python-analysis@0.11.1 want: 4.2.1
1266 silly placeDep node_modules/@vercel/python-analysis fs-extra@11.1.1 OK for: @vercel/python-analysis@0.11.1 want: 11.1.1
1267 silly placeDep ROOT js-yaml@4.1.1 OK for: @vercel/python-analysis@0.11.1 want: 4.1.1
1268 silly placeDep ROOT minimatch@10.1.1 OK for: @vercel/python-analysis@0.11.1 want: 10.1.1
1269 silly placeDep node_modules/@vercel/python-analysis zod@3.22.4 OK for: @vercel/python-analysis@0.11.1 want: 3.22.4
1270 silly fetch manifest argparse@^2.0.1
1271 silly packumentCache full:https://registry.npmjs.org/argparse cache-miss
1272 silly fetch manifest @isaacs/brace-expansion@^5.0.0
1273 silly packumentCache full:https://registry.npmjs.org/@isaacs%2fbrace-expansion cache-miss
1274 http fetch GET 200 https://registry.npmjs.org/argparse 29ms (cache miss)
1275 silly packumentCache full:https://registry.npmjs.org/argparse set size:undefined disposed:false
1276 http fetch GET 200 https://registry.npmjs.org/@isaacs%2fbrace-expansion 612ms (cache miss)
1277 silly packumentCache full:https://registry.npmjs.org/@isaacs%2fbrace-expansion set size:undefined disposed:false
1278 silly placeDep node_modules/@vercel/redwood semver@6.3.1 OK for: @vercel/redwood@2.5.0 want: 6.3.1
1279 silly placeDep node_modules/@vercel/remix-builder path-to-regexp@6.1.0 OK for: @vercel/remix-builder@5.9.1 want: 6.1.0
1280 silly placeDep node_modules/@vercel/rust execa@5.1.1 OK for: @vercel/rust@1.3.0 want: 5
1281 silly fetch manifest onetime@^5.1.2
1282 silly packumentCache full:https://registry.npmjs.org/onetime cache-miss
1283 silly fetch manifest get-stream@^6.0.0
1284 silly packumentCache full:https://registry.npmjs.org/get-stream cache-miss
1285 silly fetch manifest cross-spawn@^7.0.3
1286 silly packumentCache full:https://registry.npmjs.org/cross-spawn cache-miss
1287 silly fetch manifest signal-exit@^3.0.3
1288 silly packumentCache full:https://registry.npmjs.org/signal-exit cache-hit
1289 silly fetch manifest npm-run-path@^4.0.1
1290 silly packumentCache full:https://registry.npmjs.org/npm-run-path cache-miss
1291 silly fetch manifest human-signals@^2.1.0
1292 silly packumentCache full:https://registry.npmjs.org/human-signals cache-miss
1293 http cache https://registry.npmjs.org/npm-run-path 15ms (cache hit)
1294 silly packumentCache full:https://registry.npmjs.org/npm-run-path set size:33596 disposed:false
1295 http cache https://registry.npmjs.org/get-stream 18ms (cache hit)
1296 silly packumentCache full:https://registry.npmjs.org/get-stream set size:57536 disposed:false
1297 http cache https://registry.npmjs.org/onetime 19ms (cache hit)
1298 silly packumentCache full:https://registry.npmjs.org/onetime set size:32314 disposed:false
1299 http cache https://registry.npmjs.org/human-signals 18ms (cache hit)
1300 silly packumentCache full:https://registry.npmjs.org/human-signals set size:47322 disposed:false
1301 http cache https://registry.npmjs.org/cross-spawn 20ms (cache hit)
1302 silly packumentCache full:https://registry.npmjs.org/cross-spawn set size:109066 disposed:false
1303 silly placeDep ROOT @vercel/gatsby-plugin-vercel-analytics@1.0.11 OK for: @vercel/static-build@2.10.3 want: 1.0.11
1304 silly placeDep ROOT @vercel/gatsby-plugin-vercel-builder@2.2.19 OK for: @vercel/static-build@2.10.3 want: 2.2.19
1305 silly fetch manifest web-vitals@0.2.4
1306 silly packumentCache full:https://registry.npmjs.org/web-vitals cache-miss
1307 silly fetch manifest @sinclair/typebox@0.25.24
1308 silly packumentCache full:https://registry.npmjs.org/@sinclair%2ftypebox cache-miss
1309 http fetch GET 200 https://registry.npmjs.org/web-vitals 254ms (cache miss)
1310 silly packumentCache full:https://registry.npmjs.org/web-vitals set size:undefined disposed:false
1311 http fetch GET 200 https://registry.npmjs.org/@sinclair%2ftypebox 459ms (cache miss)
1312 silly packumentCache full:https://registry.npmjs.org/@sinclair%2ftypebox set size:undefined disposed:false
1313 silly placeDep ROOT web-vitals@0.2.4 OK for: @vercel/gatsby-plugin-vercel-analytics@1.0.11 want: 0.2.4
1314 silly placeDep ROOT @sinclair/typebox@0.25.24 OK for: @vercel/gatsby-plugin-vercel-builder@2.2.19 want: 0.25.24
1315 silly placeDep ROOT ajv@8.6.3 OK for: @vercel/static-config@3.4.0 want: 8.6.3
1316 silly placeDep ROOT json-schema-to-ts@1.6.4 OK for: @vercel/static-config@3.4.0 want: 1.6.4
1317 silly fetch manifest uri-js@^4.2.2
1318 silly packumentCache full:https://registry.npmjs.org/uri-js cache-miss
1319 silly fetch manifest fast-deep-equal@^3.1.1
1320 silly packumentCache full:https://registry.npmjs.org/fast-deep-equal cache-miss
1321 silly fetch manifest require-from-string@^2.0.2
1322 silly packumentCache full:https://registry.npmjs.org/require-from-string cache-miss
1323 silly fetch manifest json-schema-traverse@^1.0.0
1324 silly packumentCache full:https://registry.npmjs.org/json-schema-traverse cache-miss
1325 silly fetch manifest ts-toolbelt@^6.15.5
1326 silly packumentCache full:https://registry.npmjs.org/ts-toolbelt cache-miss
1327 silly fetch manifest @types/json-schema@^7.0.6
1328 silly packumentCache full:https://registry.npmjs.org/@types%2fjson-schema cache-miss
1329 http fetch GET 200 https://registry.npmjs.org/json-schema-traverse 33ms (cache miss)
1330 silly packumentCache full:https://registry.npmjs.org/json-schema-traverse set size:undefined disposed:false
1331 http fetch GET 200 https://registry.npmjs.org/require-from-string 35ms (cache miss)
1332 silly packumentCache full:https://registry.npmjs.org/require-from-string set size:undefined disposed:false
1333 http fetch GET 200 https://registry.npmjs.org/uri-js 42ms (cache miss)
1334 silly packumentCache full:https://registry.npmjs.org/uri-js set size:undefined disposed:false
1335 http fetch GET 200 https://registry.npmjs.org/fast-deep-equal 45ms (cache miss)
1336 silly packumentCache full:https://registry.npmjs.org/fast-deep-equal set size:undefined disposed:false
1337 http fetch GET 200 https://registry.npmjs.org/@types%2fjson-schema 55ms (cache miss)
1338 silly packumentCache full:https://registry.npmjs.org/@types%2fjson-schema set size:undefined disposed:false
1339 http fetch GET 200 https://registry.npmjs.org/ts-toolbelt 418ms (cache miss)
1340 silly packumentCache full:https://registry.npmjs.org/ts-toolbelt set size:undefined disposed:false
1341 silly placeDep ROOT fast-deep-equal@3.1.3 OK for: ajv@8.6.3 want: ^3.1.1
1342 silly placeDep ROOT json-schema-traverse@1.0.0 OK for: ajv@8.6.3 want: ^1.0.0
1343 silly placeDep ROOT require-from-string@2.0.2 OK for: ajv@8.6.3 want: ^2.0.2
1344 silly placeDep ROOT uri-js@4.4.1 OK for: ajv@8.6.3 want: ^4.2.2
1345 silly fetch manifest punycode@^2.1.0
1346 silly packumentCache full:https://registry.npmjs.org/punycode cache-miss
1347 http fetch GET 200 https://registry.npmjs.org/punycode 34ms (cache miss)
1348 silly packumentCache full:https://registry.npmjs.org/punycode set size:undefined disposed:false
1349 silly placeDep ROOT retry@0.13.1 OK for: async-retry@1.3.3 want: 0.13.1
1350 silly placeDep ROOT file-uri-to-path@1.0.0 OK for: bindings@1.5.0 want: 1.0.0
1351 silly placeDep ROOT readdirp@4.1.2 OK for: chokidar@4.0.0 want: ^4.0.1
1352 silly placeDep node_modules/debug ms@2.1.2 OK for: debug@4.3.4 want: 2.1.2
1353 silly placeDep ROOT @edge-runtime/format@2.2.1 OK for: edge-runtime@2.5.9 want: 2.2.1
1354 silly placeDep ROOT @edge-runtime/ponyfill@2.4.2 OK for: edge-runtime@2.5.9 want: 2.4.2
1355 silly placeDep node_modules/edge-runtime async-listen@3.0.1 OK for: edge-runtime@2.5.9 want: 3.0.1
1356 silly placeDep ROOT mri@1.2.0 OK for: edge-runtime@2.5.9 want: 1.2.0
1357 silly placeDep ROOT picocolors@1.0.0 OK for: edge-runtime@2.5.9 want: 1.0.0
1358 silly placeDep ROOT pretty-ms@7.0.1 OK for: edge-runtime@2.5.9 want: 7.0.1
1359 silly placeDep ROOT signal-exit@4.0.2 OK for: edge-runtime@2.5.9 want: 4.0.2
1360 silly placeDep ROOT time-span@4.0.0 OK for: edge-runtime@2.5.9 want: 4.0.0
1361 silly fetch manifest parse-ms@^2.1.0
1362 silly packumentCache full:https://registry.npmjs.org/parse-ms cache-miss
1363 silly fetch manifest convert-hrtime@^3.0.0
1364 silly packumentCache full:https://registry.npmjs.org/convert-hrtime cache-miss
1365 http fetch GET 200 https://registry.npmjs.org/parse-ms 227ms (cache miss)
1366 silly packumentCache full:https://registry.npmjs.org/parse-ms set size:undefined disposed:false
1367 http fetch GET 200 https://registry.npmjs.org/convert-hrtime 229ms (cache miss)
1368 silly packumentCache full:https://registry.npmjs.org/convert-hrtime set size:undefined disposed:false
1369 silly placeDep ROOT @esbuild/aix-ppc64@0.27.0 OK for: esbuild@0.27.0 want: 0.27.0
1370 silly placeDep ROOT @esbuild/android-arm@0.27.0 OK for: esbuild@0.27.0 want: 0.27.0
1371 silly placeDep ROOT @esbuild/android-arm64@0.27.0 OK for: esbuild@0.27.0 want: 0.27.0
1372 silly placeDep ROOT @esbuild/android-x64@0.27.0 OK for: esbuild@0.27.0 want: 0.27.0
1373 silly placeDep ROOT @esbuild/darwin-arm64@0.27.0 OK for: esbuild@0.27.0 want: 0.27.0
1374 silly placeDep ROOT @esbuild/darwin-x64@0.27.0 OK for: esbuild@0.27.0 want: 0.27.0
1375 silly placeDep ROOT @esbuild/freebsd-arm64@0.27.0 OK for: esbuild@0.27.0 want: 0.27.0
1376 silly placeDep ROOT @esbuild/freebsd-x64@0.27.0 OK for: esbuild@0.27.0 want: 0.27.0
1377 silly placeDep ROOT @esbuild/linux-arm@0.27.0 OK for: esbuild@0.27.0 want: 0.27.0
1378 silly placeDep ROOT @esbuild/linux-arm64@0.27.0 OK for: esbuild@0.27.0 want: 0.27.0
1379 silly placeDep ROOT @esbuild/linux-ia32@0.27.0 OK for: esbuild@0.27.0 want: 0.27.0
1380 silly placeDep ROOT @esbuild/linux-loong64@0.27.0 OK for: esbuild@0.27.0 want: 0.27.0
1381 silly placeDep ROOT @esbuild/linux-mips64el@0.27.0 OK for: esbuild@0.27.0 want: 0.27.0
1382 silly placeDep ROOT @esbuild/linux-ppc64@0.27.0 OK for: esbuild@0.27.0 want: 0.27.0
1383 silly placeDep ROOT @esbuild/linux-riscv64@0.27.0 OK for: esbuild@0.27.0 want: 0.27.0
1384 silly placeDep ROOT @esbuild/linux-s390x@0.27.0 OK for: esbuild@0.27.0 want: 0.27.0
1385 silly placeDep ROOT @esbuild/linux-x64@0.27.0 OK for: esbuild@0.27.0 want: 0.27.0
1386 silly placeDep ROOT @esbuild/netbsd-arm64@0.27.0 OK for: esbuild@0.27.0 want: 0.27.0
1387 silly placeDep ROOT @esbuild/netbsd-x64@0.27.0 OK for: esbuild@0.27.0 want: 0.27.0
1388 silly placeDep ROOT @esbuild/openbsd-arm64@0.27.0 OK for: esbuild@0.27.0 want: 0.27.0
1389 silly placeDep ROOT @esbuild/openbsd-x64@0.27.0 OK for: esbuild@0.27.0 want: 0.27.0
1390 silly placeDep ROOT @esbuild/openharmony-arm64@0.27.0 OK for: esbuild@0.27.0 want: 0.27.0
1391 silly placeDep ROOT @esbuild/sunos-x64@0.27.0 OK for: esbuild@0.27.0 want: 0.27.0
1392 silly placeDep ROOT @esbuild/win32-arm64@0.27.0 OK for: esbuild@0.27.0 want: 0.27.0
1393 silly placeDep ROOT @esbuild/win32-ia32@0.27.0 OK for: esbuild@0.27.0 want: 0.27.0
1394 silly placeDep ROOT @esbuild/win32-x64@0.27.0 OK for: esbuild@0.27.0 want: 0.27.0
1395 silly placeDep ROOT cross-spawn@7.0.6 OK for: execa@3.2.0 want: ^7.0.0
1396 silly placeDep ROOT get-stream@5.2.0 OK for: execa@3.2.0 want: ^5.0.0
1397 silly placeDep ROOT human-signals@1.1.1 OK for: execa@3.2.0 want: ^1.1.1
1398 silly placeDep ROOT is-stream@2.0.1 OK for: execa@3.2.0 want: ^2.0.0
1399 silly placeDep ROOT merge-stream@2.0.0 OK for: execa@3.2.0 want: ^2.0.0
1400 silly placeDep ROOT npm-run-path@4.0.1 OK for: execa@3.2.0 want: ^4.0.0
1401 silly placeDep ROOT onetime@5.1.2 OK for: execa@3.2.0 want: ^5.1.0
1402 silly placeDep ROOT p-finally@2.0.1 OK for: execa@3.2.0 want: ^2.0.0
1403 silly placeDep node_modules/execa signal-exit@3.0.7 OK for: execa@3.2.0 want: ^3.0.2
1404 silly placeDep ROOT strip-final-newline@2.0.0 OK for: execa@3.2.0 want: ^2.0.0
1405 silly fetch manifest which@^2.0.1
1406 silly packumentCache full:https://registry.npmjs.org/which cache-miss
1407 silly fetch manifest path-key@^3.1.0
1408 silly packumentCache full:https://registry.npmjs.org/path-key cache-miss
1409 silly fetch manifest shebang-command@^2.0.0
1410 silly packumentCache full:https://registry.npmjs.org/shebang-command cache-miss
1411 silly fetch manifest pump@^3.0.0
1412 silly packumentCache full:https://registry.npmjs.org/pump cache-miss
1413 silly fetch manifest path-key@^3.0.0
1414 silly packumentCache full:https://registry.npmjs.org/path-key cache-miss
1415 silly fetch manifest mimic-fn@^2.1.0
1416 silly packumentCache full:https://registry.npmjs.org/mimic-fn cache-miss
1417 http fetch GET 200 https://registry.npmjs.org/pump 31ms (cache miss)
1418 silly packumentCache full:https://registry.npmjs.org/pump set size:undefined disposed:false
1419 http fetch GET 200 https://registry.npmjs.org/which 34ms (cache miss)
1420 silly packumentCache full:https://registry.npmjs.org/which set size:undefined disposed:false
1421 http fetch GET 200 https://registry.npmjs.org/mimic-fn 35ms (cache miss)
1422 silly packumentCache full:https://registry.npmjs.org/mimic-fn set size:undefined disposed:false
1423 http fetch GET 200 https://registry.npmjs.org/path-key 36ms (cache miss)
1424 silly packumentCache full:https://registry.npmjs.org/path-key set size:undefined disposed:false
1425 http fetch GET 200 https://registry.npmjs.org/shebang-command 39ms (cache miss)
1426 silly packumentCache full:https://registry.npmjs.org/shebang-command set size:undefined disposed:false
1427 http fetch GET 200 https://registry.npmjs.org/path-key 40ms (cache miss)
1428 silly packumentCache full:https://registry.npmjs.org/path-key set size:undefined disposed:false
1429 silly placeDep ROOT path-key@3.1.1 OK for: cross-spawn@7.0.6 want: ^3.1.0
1430 silly placeDep ROOT shebang-command@2.0.0 OK for: cross-spawn@7.0.6 want: ^2.0.0
1431 silly placeDep ROOT which@2.0.2 OK for: cross-spawn@7.0.6 want: ^2.0.1
1432 silly fetch manifest shebang-regex@^3.0.0
1433 silly packumentCache full:https://registry.npmjs.org/shebang-regex cache-miss
1434 silly fetch manifest isexe@^2.0.0
1435 silly packumentCache full:https://registry.npmjs.org/isexe cache-miss
1436 http fetch GET 200 https://registry.npmjs.org/isexe 32ms (cache miss)
1437 silly packumentCache full:https://registry.npmjs.org/isexe set size:undefined disposed:false
1438 http fetch GET 200 https://registry.npmjs.org/shebang-regex 36ms (cache miss)
1439 silly packumentCache full:https://registry.npmjs.org/shebang-regex set size:undefined disposed:false
1440 silly placeDep ROOT asynckit@0.4.0 OK for: form-data@4.0.6 want: ^0.4.0
1441 silly placeDep ROOT combined-stream@1.0.8 OK for: form-data@4.0.6 want: ^1.0.8
1442 silly placeDep ROOT es-set-tostringtag@2.1.0 OK for: form-data@4.0.6 want: ^2.1.0
1443 silly placeDep ROOT hasown@2.0.4 OK for: form-data@4.0.6 want: ^2.0.4
1444 silly fetch manifest delayed-stream@~1.0.0
1445 silly packumentCache full:https://registry.npmjs.org/delayed-stream cache-miss
1446 silly fetch manifest es-errors@^1.3.0
1447 silly packumentCache full:https://registry.npmjs.org/es-errors cache-miss
1448 silly fetch manifest get-intrinsic@^1.2.6
1449 silly packumentCache full:https://registry.npmjs.org/get-intrinsic cache-miss
1450 silly fetch manifest has-tostringtag@^1.0.2
1451 silly packumentCache full:https://registry.npmjs.org/has-tostringtag cache-miss
1452 silly fetch manifest hasown@^2.0.2
1453 silly packumentCache full:https://registry.npmjs.org/hasown cache-miss
1454 silly fetch manifest function-bind@^1.1.2
1455 silly packumentCache full:https://registry.npmjs.org/function-bind cache-miss
1456 http cache https://registry.npmjs.org/hasown 6ms (cache hit)
1457 silly packumentCache full:https://registry.npmjs.org/hasown set size:18361 disposed:false
1458 http fetch GET 200 https://registry.npmjs.org/function-bind 30ms (cache miss)
1459 silly packumentCache full:https://registry.npmjs.org/function-bind set size:undefined disposed:false
1460 http fetch GET 200 https://registry.npmjs.org/delayed-stream 39ms (cache miss)
1461 silly packumentCache full:https://registry.npmjs.org/delayed-stream set size:undefined disposed:false
1462 http fetch GET 200 https://registry.npmjs.org/es-errors 45ms (cache miss)
1463 silly packumentCache full:https://registry.npmjs.org/es-errors set size:undefined disposed:false
1464 http fetch GET 200 https://registry.npmjs.org/has-tostringtag 47ms (cache miss)
1465 silly packumentCache full:https://registry.npmjs.org/has-tostringtag set size:undefined disposed:false
1466 http fetch GET 200 https://registry.npmjs.org/get-intrinsic 48ms (cache miss)
1467 silly packumentCache full:https://registry.npmjs.org/get-intrinsic set size:undefined disposed:false
1468 silly placeDep ROOT delayed-stream@1.0.0 OK for: combined-stream@1.0.8 want: ~1.0.0
1469 silly placeDep ROOT es-errors@1.3.0 OK for: es-set-tostringtag@2.1.0 want: ^1.3.0
1470 silly placeDep ROOT get-intrinsic@1.3.0 OK for: es-set-tostringtag@2.1.0 want: ^1.2.6
1471 silly placeDep ROOT has-tostringtag@1.0.2 OK for: es-set-tostringtag@2.1.0 want: ^1.0.2
1472 silly fetch manifest gopd@^1.2.0
1473 silly packumentCache full:https://registry.npmjs.org/gopd cache-miss
1474 silly fetch manifest get-proto@^1.0.1
1475 silly packumentCache full:https://registry.npmjs.org/get-proto cache-miss
1476 silly fetch manifest has-symbols@^1.1.0
1477 silly packumentCache full:https://registry.npmjs.org/has-symbols cache-miss
1478 silly fetch manifest es-object-atoms@^1.1.1
1479 silly packumentCache full:https://registry.npmjs.org/es-object-atoms cache-miss
1480 silly fetch manifest math-intrinsics@^1.1.0
1481 silly packumentCache full:https://registry.npmjs.org/math-intrinsics cache-miss
1482 silly fetch manifest es-define-property@^1.0.1
1483 silly packumentCache full:https://registry.npmjs.org/es-define-property cache-miss
1484 silly fetch manifest call-bind-apply-helpers@^1.0.2
1485 silly packumentCache full:https://registry.npmjs.org/call-bind-apply-helpers cache-miss
1486 silly fetch manifest has-symbols@^1.0.3
1487 silly packumentCache full:https://registry.npmjs.org/has-symbols cache-miss
1488 http fetch GET 200 https://registry.npmjs.org/es-define-property 34ms (cache miss)
1489 silly packumentCache full:https://registry.npmjs.org/es-define-property set size:undefined disposed:false
1490 http fetch GET 200 https://registry.npmjs.org/es-object-atoms 38ms (cache miss)
1491 silly packumentCache full:https://registry.npmjs.org/es-object-atoms set size:undefined disposed:false
1492 http fetch GET 200 https://registry.npmjs.org/has-symbols 38ms (cache miss)
1493 silly packumentCache full:https://registry.npmjs.org/has-symbols set size:undefined disposed:false
1494 http fetch GET 200 https://registry.npmjs.org/get-proto 41ms (cache miss)
1495 silly packumentCache full:https://registry.npmjs.org/get-proto set size:undefined disposed:false
1496 http fetch GET 200 https://registry.npmjs.org/call-bind-apply-helpers 40ms (cache miss)
1497 silly packumentCache full:https://registry.npmjs.org/call-bind-apply-helpers set size:undefined disposed:false
1498 http fetch GET 200 https://registry.npmjs.org/math-intrinsics 41ms (cache miss)
1499 silly packumentCache full:https://registry.npmjs.org/math-intrinsics set size:undefined disposed:false
1500 http fetch GET 200 https://registry.npmjs.org/gopd 45ms (cache miss)
1501 silly packumentCache full:https://registry.npmjs.org/gopd set size:undefined disposed:false
1502 http fetch GET 200 https://registry.npmjs.org/has-symbols 93ms (cache miss)
1503 silly packumentCache full:https://registry.npmjs.org/has-symbols set size:undefined disposed:false
1504 silly placeDep ROOT jsonfile@6.2.1 OK for: fs-extra@11.1.0 want: ^6.0.1
1505 silly placeDep ROOT universalify@2.0.1 OK for: fs-extra@11.1.0 want: ^2.0.0
1506 silly placeDep ROOT call-bind-apply-helpers@1.0.2 OK for: get-intrinsic@1.3.0 want: ^1.0.2
1507 silly placeDep ROOT es-define-property@1.0.1 OK for: get-intrinsic@1.3.0 want: ^1.0.1
1508 silly placeDep ROOT es-object-atoms@1.1.2 OK for: get-intrinsic@1.3.0 want: ^1.1.1
1509 silly placeDep ROOT function-bind@1.1.2 OK for: get-intrinsic@1.3.0 want: ^1.1.2
1510 silly placeDep ROOT get-proto@1.0.1 OK for: get-intrinsic@1.3.0 want: ^1.0.1
1511 silly placeDep ROOT gopd@1.2.0 OK for: get-intrinsic@1.3.0 want: ^1.2.0
1512 silly placeDep ROOT has-symbols@1.1.0 OK for: get-intrinsic@1.3.0 want: ^1.1.0
1513 silly placeDep ROOT math-intrinsics@1.1.0 OK for: get-intrinsic@1.3.0 want: ^1.1.0
1514 silly fetch manifest dunder-proto@^1.0.1
1515 silly packumentCache full:https://registry.npmjs.org/dunder-proto cache-miss
1516 http fetch GET 200 https://registry.npmjs.org/dunder-proto 25ms (cache miss)
1517 silly packumentCache full:https://registry.npmjs.org/dunder-proto set size:undefined disposed:false
1518 silly placeDep ROOT dunder-proto@1.0.1 OK for: get-proto@1.0.1 want: ^1.0.1
1519 silly placeDep ROOT pump@3.0.4 OK for: get-stream@5.2.0 want: ^3.0.0
1520 silly fetch manifest end-of-stream@^1.1.0
1521 silly packumentCache full:https://registry.npmjs.org/end-of-stream cache-miss
1522 silly fetch manifest once@^1.3.1
1523 silly packumentCache full:https://registry.npmjs.org/once cache-miss
1524 http cache https://registry.npmjs.org/end-of-stream 5ms (cache hit)
1525 silly packumentCache full:https://registry.npmjs.org/end-of-stream set size:27842 disposed:false
1526 http fetch GET 200 https://registry.npmjs.org/once 36ms (cache miss)
1527 silly packumentCache full:https://registry.npmjs.org/once set size:undefined disposed:false
1528 silly placeDep node_modules/glob minimatch@10.2.5 OK for: glob@13.0.6 want: ^10.2.2
1529 silly placeDep ROOT minipass@7.1.3 OK for: glob@13.0.6 want: ^7.1.3
1530 silly placeDep ROOT path-scurry@2.0.2 OK for: glob@13.0.6 want: ^2.0.2
1531 silly fetch manifest brace-expansion@^5.0.5
1532 silly packumentCache full:https://registry.npmjs.org/brace-expansion cache-miss
1533 silly fetch manifest lru-cache@^11.0.0
1534 silly packumentCache full:https://registry.npmjs.org/lru-cache cache-hit
1535 http fetch GET 200 https://registry.npmjs.org/brace-expansion 36ms (cache miss)
1536 silly packumentCache full:https://registry.npmjs.org/brace-expansion set size:undefined disposed:false
1537 silly placeDep ROOT agent-base@7.1.4 OK for: https-proxy-agent@7.0.6 want: ^7.1.2
1538 silly placeDep ROOT argparse@2.0.1 OK for: js-yaml@4.1.1 want: ^2.0.1
1539 silly placeDep ROOT @types/json-schema@7.0.15 OK for: json-schema-to-ts@1.6.4 want: ^7.0.6
1540 silly placeDep ROOT ts-toolbelt@6.15.5 OK for: json-schema-to-ts@1.6.4 want: ^6.15.5
1541 silly placeDep ROOT arg@4.1.0 OK for: micro@9.3.5-canary.3 want: 4.1.0
1542 silly placeDep ROOT content-type@1.0.4 OK for: micro@9.3.5-canary.3 want: 1.0.4
1543 silly placeDep ROOT raw-body@2.4.1 OK for: micro@9.3.5-canary.3 want: 2.4.1
1544 silly fetch manifest bytes@3.1.0
1545 silly packumentCache full:https://registry.npmjs.org/bytes cache-miss
1546 silly fetch manifest unpipe@1.0.0
1547 silly packumentCache full:https://registry.npmjs.org/unpipe cache-miss
1548 silly fetch manifest iconv-lite@0.4.24
1549 silly packumentCache full:https://registry.npmjs.org/iconv-lite cache-miss
1550 silly fetch manifest http-errors@1.7.3
1551 silly packumentCache full:https://registry.npmjs.org/http-errors cache-miss
1552 http fetch GET 200 https://registry.npmjs.org/unpipe 43ms (cache miss)
1553 silly packumentCache full:https://registry.npmjs.org/unpipe set size:undefined disposed:false
1554 http fetch GET 200 https://registry.npmjs.org/bytes 45ms (cache miss)
1555 silly packumentCache full:https://registry.npmjs.org/bytes set size:undefined disposed:false
1556 http fetch GET 200 https://registry.npmjs.org/http-errors 47ms (cache miss)
1557 silly packumentCache full:https://registry.npmjs.org/http-errors set size:undefined disposed:false
1558 http fetch GET 200 https://registry.npmjs.org/iconv-lite 47ms (cache miss)
1559 silly packumentCache full:https://registry.npmjs.org/iconv-lite set size:undefined disposed:false
1560 silly placeDep ROOT mime-db@1.52.0 OK for: mime-types@2.1.35 want: 1.52.0
1561 silly placeDep ROOT @isaacs/brace-expansion@5.0.1 OK for: minimatch@10.1.1 want: ^5.0.0
1562 silly fetch manifest @isaacs/balanced-match@^4.0.1
1563 silly packumentCache full:https://registry.npmjs.org/@isaacs%2fbalanced-match cache-miss
1564 http fetch GET 200 https://registry.npmjs.org/@isaacs%2fbalanced-match 606ms (cache miss)
1565 silly packumentCache full:https://registry.npmjs.org/@isaacs%2fbalanced-match set size:undefined disposed:false
1566 silly placeDep ROOT @isaacs/balanced-match@4.0.1 OK for: @isaacs/brace-expansion@5.0.1 want: ^4.0.1
1567 silly placeDep ROOT whatwg-url@5.0.0 OK for: node-fetch@2.6.7 want: ^5.0.0
1568 silly fetch manifest tr46@~0.0.3
1569 silly packumentCache full:https://registry.npmjs.org/tr46 cache-miss
1570 silly fetch manifest webidl-conversions@^3.0.0
1571 silly packumentCache full:https://registry.npmjs.org/webidl-conversions cache-miss
1572 http fetch GET 200 https://registry.npmjs.org/tr46 28ms (cache miss)
1573 silly packumentCache full:https://registry.npmjs.org/tr46 set size:undefined disposed:false
1574 http fetch GET 200 https://registry.npmjs.org/webidl-conversions 40ms (cache miss)
1575 silly packumentCache full:https://registry.npmjs.org/webidl-conversions set size:undefined disposed:false
1576 silly placeDep ROOT abbrev@3.0.1 OK for: nopt@8.1.0 want: ^3.0.0
1577 silly placeDep ROOT mimic-fn@2.1.0 OK for: onetime@5.1.2 want: ^2.1.0
1578 silly placeDep ROOT define-lazy-prop@2.0.0 OK for: open@8.4.0 want: ^2.0.0
1579 silly placeDep ROOT is-docker@2.2.1 OK for: open@8.4.0 want: ^2.1.1
1580 silly placeDep ROOT is-wsl@2.2.0 OK for: open@8.4.0 want: ^2.2.0
1581 silly placeDep ROOT @oxc-transform/binding-android-arm-eabi@0.111.0 OK for: oxc-transform@0.111.0 want: 0.111.0
1582 silly placeDep ROOT @oxc-transform/binding-android-arm64@0.111.0 OK for: oxc-transform@0.111.0 want: 0.111.0
1583 silly placeDep ROOT @oxc-transform/binding-darwin-arm64@0.111.0 OK for: oxc-transform@0.111.0 want: 0.111.0
1584 silly placeDep ROOT @oxc-transform/binding-darwin-x64@0.111.0 OK for: oxc-transform@0.111.0 want: 0.111.0
1585 silly placeDep ROOT @oxc-transform/binding-freebsd-x64@0.111.0 OK for: oxc-transform@0.111.0 want: 0.111.0
1586 silly placeDep ROOT @oxc-transform/binding-linux-arm-gnueabihf@0.111.0 OK for: oxc-transform@0.111.0 want: 0.111.0
1587 silly placeDep ROOT @oxc-transform/binding-linux-arm-musleabihf@0.111.0 OK for: oxc-transform@0.111.0 want: 0.111.0
1588 silly placeDep ROOT @oxc-transform/binding-linux-arm64-gnu@0.111.0 OK for: oxc-transform@0.111.0 want: 0.111.0
1589 silly placeDep ROOT @oxc-transform/binding-linux-arm64-musl@0.111.0 OK for: oxc-transform@0.111.0 want: 0.111.0
1590 silly placeDep ROOT @oxc-transform/binding-linux-ppc64-gnu@0.111.0 OK for: oxc-transform@0.111.0 want: 0.111.0
1591 silly placeDep ROOT @oxc-transform/binding-linux-riscv64-gnu@0.111.0 OK for: oxc-transform@0.111.0 want: 0.111.0
1592 silly placeDep ROOT @oxc-transform/binding-linux-riscv64-musl@0.111.0 OK for: oxc-transform@0.111.0 want: 0.111.0
1593 silly placeDep ROOT @oxc-transform/binding-linux-s390x-gnu@0.111.0 OK for: oxc-transform@0.111.0 want: 0.111.0
1594 silly placeDep ROOT @oxc-transform/binding-linux-x64-gnu@0.111.0 OK for: oxc-transform@0.111.0 want: 0.111.0
1595 silly placeDep ROOT @oxc-transform/binding-linux-x64-musl@0.111.0 OK for: oxc-transform@0.111.0 want: 0.111.0
1596 silly placeDep ROOT @oxc-transform/binding-openharmony-arm64@0.111.0 OK for: oxc-transform@0.111.0 want: 0.111.0
1597 silly placeDep ROOT @oxc-transform/binding-wasm32-wasi@0.111.0 OK for: oxc-transform@0.111.0 want: 0.111.0
1598 silly placeDep ROOT @oxc-transform/binding-win32-arm64-msvc@0.111.0 OK for: oxc-transform@0.111.0 want: 0.111.0
1599 silly placeDep ROOT @oxc-transform/binding-win32-ia32-msvc@0.111.0 OK for: oxc-transform@0.111.0 want: 0.111.0
1600 silly placeDep ROOT @oxc-transform/binding-win32-x64-msvc@0.111.0 OK for: oxc-transform@0.111.0 want: 0.111.0
1601 silly fetch manifest @napi-rs/wasm-runtime@^1.1.1
1602 silly packumentCache full:https://registry.npmjs.org/@napi-rs%2fwasm-runtime cache-miss
1603 http fetch GET 200 https://registry.npmjs.org/@napi-rs%2fwasm-runtime 67ms (cache miss)
1604 silly packumentCache full:https://registry.npmjs.org/@napi-rs%2fwasm-runtime set size:undefined disposed:false
1605 silly fetch manifest @emnapi/core@^1.7.1
1606 silly packumentCache full:https://registry.npmjs.org/@emnapi%2fcore cache-miss
1607 http fetch GET 200 https://registry.npmjs.org/@emnapi%2fcore 48ms (cache miss)
1608 silly packumentCache full:https://registry.npmjs.org/@emnapi%2fcore set size:undefined disposed:false
1609 silly fetch manifest @emnapi/runtime@^1.7.1
1610 silly packumentCache full:https://registry.npmjs.org/@emnapi%2fruntime cache-miss
1611 http fetch GET 200 https://registry.npmjs.org/@emnapi%2fruntime 62ms (cache miss)
1612 silly packumentCache full:https://registry.npmjs.org/@emnapi%2fruntime set size:undefined disposed:false
1613 silly placeDep ROOT @napi-rs/wasm-runtime@1.1.5 OK for: @oxc-transform/binding-wasm32-wasi@0.111.0 want: ^1.1.1
1614 silly placeDep ROOT @emnapi/core@1.11.1 OK for: @napi-rs/wasm-runtime@1.1.5 want: ^1.7.1
1615 silly placeDep ROOT @emnapi/runtime@1.11.1 OK for: @napi-rs/wasm-runtime@1.1.5 want: ^1.7.1
1616 silly fetch manifest @tybys/wasm-util@^0.10.2
1617 silly packumentCache full:https://registry.npmjs.org/@tybys%2fwasm-util cache-miss
1618 silly fetch manifest tslib@^2.4.0
1619 silly packumentCache full:https://registry.npmjs.org/tslib cache-miss
1620 silly fetch manifest @emnapi/wasi-threads@1.2.2
1621 silly packumentCache full:https://registry.npmjs.org/@emnapi%2fwasi-threads cache-miss
1622 silly fetch manifest tslib@^2.4.0
1623 silly packumentCache full:https://registry.npmjs.org/tslib cache-miss
1624 http fetch GET 200 https://registry.npmjs.org/tslib 36ms (cache miss)
1625 silly packumentCache full:https://registry.npmjs.org/tslib set size:undefined disposed:false
1626 http fetch GET 200 https://registry.npmjs.org/tslib 37ms (cache miss)
1627 silly packumentCache full:https://registry.npmjs.org/tslib set size:undefined disposed:false
1628 http fetch GET 200 https://registry.npmjs.org/@emnapi%2fwasi-threads 49ms (cache miss)
1629 silly packumentCache full:https://registry.npmjs.org/@emnapi%2fwasi-threads set size:undefined disposed:false
1630 http fetch GET 200 https://registry.npmjs.org/@tybys%2fwasm-util 55ms (cache miss)
1631 silly packumentCache full:https://registry.npmjs.org/@tybys%2fwasm-util set size:undefined disposed:false
1632 silly placeDep ROOT @emnapi/wasi-threads@1.2.2 OK for: @emnapi/core@1.11.1 want: 1.2.2
1633 silly placeDep ROOT tslib@2.8.1 OK for: @emnapi/core@1.11.1 want: ^2.4.0
1634 silly placeDep ROOT @tybys/wasm-util@0.10.2 OK for: @napi-rs/wasm-runtime@1.1.5 want: ^0.10.2
1635 silly placeDep ROOT lru-cache@11.5.1 OK for: path-scurry@2.0.2 want: ^11.0.0
1636 silly placeDep ROOT parse-ms@2.1.0 OK for: pretty-ms@7.0.1 want: ^2.1.0
1637 silly placeDep ROOT http-proxy-agent@7.0.2 OK for: proxy-agent@6.4.0 want: ^7.0.1
1638 silly placeDep node_modules/proxy-agent lru-cache@7.18.3 OK for: proxy-agent@6.4.0 want: ^7.14.1
1639 silly placeDep ROOT pac-proxy-agent@7.2.0 OK for: proxy-agent@6.4.0 want: ^7.0.1
1640 silly placeDep ROOT proxy-from-env@1.1.0 OK for: proxy-agent@6.4.0 want: ^1.1.0
1641 silly placeDep ROOT socks-proxy-agent@8.0.5 OK for: proxy-agent@6.4.0 want: ^8.0.2
1642 silly fetch manifest get-uri@^6.0.1
1643 silly packumentCache full:https://registry.npmjs.org/get-uri cache-miss
1644 silly fetch manifest pac-resolver@^7.0.1
1645 silly packumentCache full:https://registry.npmjs.org/pac-resolver cache-miss
1646 silly fetch manifest socks-proxy-agent@^8.0.5
1647 silly packumentCache full:https://registry.npmjs.org/socks-proxy-agent cache-miss
1648 silly fetch manifest @tootallnate/quickjs-emscripten@^0.23.0
1649 silly packumentCache full:https://registry.npmjs.org/@tootallnate%2fquickjs-emscripten cache-miss
1650 silly fetch manifest socks@^2.8.3
1651 silly packumentCache full:https://registry.npmjs.org/socks cache-miss
1652 http cache https://registry.npmjs.org/socks-proxy-agent 8ms (cache hit)
1653 silly packumentCache full:https://registry.npmjs.org/socks-proxy-agent set size:108698 disposed:false
1654 http fetch GET 200 https://registry.npmjs.org/get-uri 238ms (cache miss)
1655 silly packumentCache full:https://registry.npmjs.org/get-uri set size:undefined disposed:false
1656 http fetch GET 200 https://registry.npmjs.org/pac-resolver 244ms (cache miss)
1657 silly packumentCache full:https://registry.npmjs.org/pac-resolver set size:undefined disposed:false
1658 http fetch GET 200 https://registry.npmjs.org/socks 246ms (cache miss)
1659 silly packumentCache full:https://registry.npmjs.org/socks set size:undefined disposed:false
1660 http fetch GET 200 https://registry.npmjs.org/@tootallnate%2fquickjs-emscripten 636ms (cache miss)
1661 silly packumentCache full:https://registry.npmjs.org/@tootallnate%2fquickjs-emscripten set size:undefined disposed:false
1662 silly placeDep ROOT @tootallnate/quickjs-emscripten@0.23.0 OK for: pac-proxy-agent@7.2.0 want: ^0.23.0
1663 silly placeDep ROOT get-uri@6.0.5 OK for: pac-proxy-agent@7.2.0 want: ^6.0.1
1664 silly placeDep ROOT pac-resolver@7.0.1 OK for: pac-proxy-agent@7.2.0 want: ^7.0.1
1665 silly fetch manifest basic-ftp@^5.0.2
1666 silly packumentCache full:https://registry.npmjs.org/basic-ftp cache-miss
1667 silly fetch manifest data-uri-to-buffer@^6.0.2
1668 silly packumentCache full:https://registry.npmjs.org/data-uri-to-buffer cache-miss
1669 silly fetch manifest netmask@^2.0.2
1670 silly packumentCache full:https://registry.npmjs.org/netmask cache-miss
1671 silly fetch manifest degenerator@^5.0.0
1672 silly packumentCache full:https://registry.npmjs.org/degenerator cache-miss
1673 http fetch GET 200 https://registry.npmjs.org/data-uri-to-buffer 224ms (cache miss)
1674 silly packumentCache full:https://registry.npmjs.org/data-uri-to-buffer set size:undefined disposed:false
1675 http fetch GET 200 https://registry.npmjs.org/degenerator 236ms (cache miss)
1676 silly packumentCache full:https://registry.npmjs.org/degenerator set size:undefined disposed:false
1677 http fetch GET 200 https://registry.npmjs.org/netmask 250ms (cache miss)
1678 silly packumentCache full:https://registry.npmjs.org/netmask set size:undefined disposed:false
1679 http fetch GET 200 https://registry.npmjs.org/basic-ftp 255ms (cache miss)
1680 silly packumentCache full:https://registry.npmjs.org/basic-ftp set size:undefined disposed:false
1681 silly placeDep ROOT basic-ftp@5.3.1 OK for: get-uri@6.0.5 want: ^5.0.2
1682 silly placeDep ROOT data-uri-to-buffer@6.0.2 OK for: get-uri@6.0.5 want: ^6.0.2
1683 silly placeDep ROOT degenerator@5.0.1 OK for: pac-resolver@7.0.1 want: ^5.0.0
1684 silly placeDep ROOT netmask@2.1.1 OK for: pac-resolver@7.0.1 want: ^2.0.2
1685 silly fetch manifest esprima@^4.0.1
1686 silly packumentCache full:https://registry.npmjs.org/esprima cache-miss
1687 silly fetch manifest ast-types@^0.13.4
1688 silly packumentCache full:https://registry.npmjs.org/ast-types cache-miss
1689 silly fetch manifest escodegen@^2.1.0
1690 silly packumentCache full:https://registry.npmjs.org/escodegen cache-miss
1691 http fetch GET 200 https://registry.npmjs.org/esprima 66ms (cache miss)
1692 silly packumentCache full:https://registry.npmjs.org/esprima set size:undefined disposed:false
1693 http fetch GET 200 https://registry.npmjs.org/ast-types 240ms (cache miss)
1694 silly packumentCache full:https://registry.npmjs.org/ast-types set size:undefined disposed:false
1695 http fetch GET 200 https://registry.npmjs.org/escodegen 246ms (cache miss)
1696 silly packumentCache full:https://registry.npmjs.org/escodegen set size:undefined disposed:false
1697 silly placeDep ROOT ast-types@0.13.4 OK for: degenerator@5.0.1 want: ^0.13.4
1698 silly placeDep ROOT escodegen@2.1.0 OK for: degenerator@5.0.1 want: ^2.1.0
1699 silly placeDep ROOT esprima@4.0.1 OK for: degenerator@5.0.1 want: ^4.0.1
1700 silly fetch manifest estraverse@^5.2.0
1701 silly packumentCache full:https://registry.npmjs.org/estraverse cache-miss
1702 silly fetch manifest esutils@^2.0.2
1703 silly packumentCache full:https://registry.npmjs.org/esutils cache-miss
1704 silly fetch manifest source-map@~0.6.1
1705 silly packumentCache full:https://registry.npmjs.org/source-map cache-miss
1706 http fetch GET 200 https://registry.npmjs.org/esutils 31ms (cache miss)
1707 silly packumentCache full:https://registry.npmjs.org/esutils set size:undefined disposed:false
1708 http fetch GET 200 https://registry.npmjs.org/estraverse 36ms (cache miss)
1709 silly packumentCache full:https://registry.npmjs.org/estraverse set size:undefined disposed:false
1710 http fetch GET 200 https://registry.npmjs.org/source-map 38ms (cache miss)
1711 silly packumentCache full:https://registry.npmjs.org/source-map set size:undefined disposed:false
1712 silly placeDep ROOT estraverse@5.3.0 OK for: escodegen@2.1.0 want: ^5.2.0
1713 silly placeDep ROOT esutils@2.0.3 OK for: escodegen@2.1.0 want: ^2.0.2
1714 silly placeDep ROOT source-map@0.6.1 OK for: escodegen@2.1.0 want: ~0.6.1
1715 silly placeDep ROOT end-of-stream@1.4.5 OK for: pump@3.0.4 want: ^1.1.0
1716 silly placeDep ROOT once@1.4.0 OK for: pump@3.0.4 want: ^1.3.1
1717 silly fetch manifest once@^1.4.0
1718 silly packumentCache full:https://registry.npmjs.org/once cache-miss
1719 silly fetch manifest wrappy@1
1720 silly packumentCache full:https://registry.npmjs.org/wrappy cache-miss
1721 http cache https://registry.npmjs.org/once 4ms (cache hit)
1722 silly packumentCache full:https://registry.npmjs.org/once set size:11752 disposed:false
1723 http fetch GET 200 https://registry.npmjs.org/wrappy 34ms (cache miss)
1724 silly packumentCache full:https://registry.npmjs.org/wrappy set size:undefined disposed:false
1725 silly placeDep ROOT wrappy@1.0.2 OK for: once@1.4.0 want: 1
1726 silly placeDep ROOT bytes@3.1.0 OK for: raw-body@2.4.1 want: 3.1.0
1727 silly placeDep ROOT http-errors@1.7.3 OK for: raw-body@2.4.1 want: 1.7.3
1728 silly placeDep ROOT iconv-lite@0.4.24 OK for: raw-body@2.4.1 want: 0.4.24
1729 silly placeDep ROOT unpipe@1.0.0 OK for: raw-body@2.4.1 want: 1.0.0
1730 silly fetch manifest depd@~1.1.2
1731 silly packumentCache full:https://registry.npmjs.org/depd cache-miss
1732 silly fetch manifest inherits@2.0.4
1733 silly packumentCache full:https://registry.npmjs.org/inherits cache-miss
1734 silly fetch manifest statuses@>= 1.5.0 < 2
1735 silly packumentCache full:https://registry.npmjs.org/statuses cache-miss
1736 silly fetch manifest toidentifier@1.0.0
1737 silly packumentCache full:https://registry.npmjs.org/toidentifier cache-miss
1738 silly fetch manifest setprototypeof@1.1.1
1739 silly packumentCache full:https://registry.npmjs.org/setprototypeof cache-miss
1740 silly fetch manifest safer-buffer@>= 2.1.2 < 3
1741 silly packumentCache full:https://registry.npmjs.org/safer-buffer cache-miss
1742 http fetch GET 200 https://registry.npmjs.org/setprototypeof 28ms (cache miss)
1743 silly packumentCache full:https://registry.npmjs.org/setprototypeof set size:undefined disposed:false
1744 http fetch GET 200 https://registry.npmjs.org/depd 39ms (cache miss)
1745 silly packumentCache full:https://registry.npmjs.org/depd set size:undefined disposed:false
1746 http fetch GET 200 https://registry.npmjs.org/safer-buffer 39ms (cache miss)
1747 silly packumentCache full:https://registry.npmjs.org/safer-buffer set size:undefined disposed:false
1748 http fetch GET 200 https://registry.npmjs.org/inherits 45ms (cache miss)
1749 silly packumentCache full:https://registry.npmjs.org/inherits set size:undefined disposed:false
1750 http fetch GET 200 https://registry.npmjs.org/toidentifier 47ms (cache miss)
1751 silly packumentCache full:https://registry.npmjs.org/toidentifier set size:undefined disposed:false
1752 http fetch GET 200 https://registry.npmjs.org/statuses 50ms (cache miss)
1753 silly packumentCache full:https://registry.npmjs.org/statuses set size:undefined disposed:false
1754 silly placeDep ROOT depd@1.1.2 OK for: http-errors@1.7.3 want: ~1.1.2
1755 silly placeDep ROOT inherits@2.0.4 OK for: http-errors@1.7.3 want: 2.0.4
1756 silly placeDep ROOT setprototypeof@1.1.1 OK for: http-errors@1.7.3 want: 1.1.1
1757 silly placeDep ROOT statuses@1.5.0 OK for: http-errors@1.7.3 want: >= 1.5.0 < 2
1758 silly placeDep ROOT toidentifier@1.0.0 OK for: http-errors@1.7.3 want: 1.0.0
1759 silly placeDep ROOT safer-buffer@2.1.2 OK for: iconv-lite@0.4.24 want: >= 2.1.2 < 3
1760 silly placeDep ROOT @oxc-project/types@0.110.0 OK for: rolldown@1.0.0-rc.1 want: =0.110.0
1761 silly placeDep ROOT @rolldown/binding-android-arm64@1.0.0-rc.1 OK for: rolldown@1.0.0-rc.1 want: 1.0.0-rc.1
1762 silly placeDep ROOT @rolldown/binding-darwin-arm64@1.0.0-rc.1 OK for: rolldown@1.0.0-rc.1 want: 1.0.0-rc.1
1763 silly placeDep ROOT @rolldown/binding-darwin-x64@1.0.0-rc.1 OK for: rolldown@1.0.0-rc.1 want: 1.0.0-rc.1
1764 silly placeDep ROOT @rolldown/binding-freebsd-x64@1.0.0-rc.1 OK for: rolldown@1.0.0-rc.1 want: 1.0.0-rc.1
1765 silly placeDep ROOT @rolldown/binding-linux-arm-gnueabihf@1.0.0-rc.1 OK for: rolldown@1.0.0-rc.1 want: 1.0.0-rc.1
1766 silly placeDep ROOT @rolldown/binding-linux-arm64-gnu@1.0.0-rc.1 OK for: rolldown@1.0.0-rc.1 want: 1.0.0-rc.1
1767 silly placeDep ROOT @rolldown/binding-linux-arm64-musl@1.0.0-rc.1 OK for: rolldown@1.0.0-rc.1 want: 1.0.0-rc.1
1768 silly placeDep ROOT @rolldown/binding-linux-x64-gnu@1.0.0-rc.1 OK for: rolldown@1.0.0-rc.1 want: 1.0.0-rc.1
1769 silly placeDep ROOT @rolldown/binding-linux-x64-musl@1.0.0-rc.1 OK for: rolldown@1.0.0-rc.1 want: 1.0.0-rc.1
1770 silly placeDep ROOT @rolldown/binding-openharmony-arm64@1.0.0-rc.1 OK for: rolldown@1.0.0-rc.1 want: 1.0.0-rc.1
1771 silly placeDep ROOT @rolldown/binding-wasm32-wasi@1.0.0-rc.1 OK for: rolldown@1.0.0-rc.1 want: 1.0.0-rc.1
1772 silly placeDep ROOT @rolldown/binding-win32-arm64-msvc@1.0.0-rc.1 OK for: rolldown@1.0.0-rc.1 want: 1.0.0-rc.1
1773 silly placeDep ROOT @rolldown/binding-win32-x64-msvc@1.0.0-rc.1 OK for: rolldown@1.0.0-rc.1 want: 1.0.0-rc.1
1774 silly placeDep ROOT @rolldown/pluginutils@1.0.0-rc.1 OK for: rolldown@1.0.0-rc.1 want: 1.0.0-rc.1
1775 silly placeDep ROOT @vercel/sandbox@2.1.1 OK for: sandbox@3.1.2 want: 2.1.1
1776 silly placeDep node_modules/sandbox debug@4.4.3 OK for: sandbox@3.1.2 want: ^4.4.1
1777 silly fetch manifest ms@2.1.3
1778 silly packumentCache full:https://registry.npmjs.org/ms cache-hit
1779 silly fetch manifest zod@3.24.4
1780 silly packumentCache full:https://registry.npmjs.org/zod cache-miss
1781 silly fetch manifest jose@6.2.3
1782 silly packumentCache full:https://registry.npmjs.org/jose cache-miss
1783 silly fetch manifest undici@^7.27.1
1784 silly packumentCache full:https://registry.npmjs.org/undici cache-miss
1785 silly fetch manifest jsonlines@0.1.1
1786 silly packumentCache full:https://registry.npmjs.org/jsonlines cache-miss
1787 silly fetch manifest picocolors@^1.1.1
1788 silly packumentCache full:https://registry.npmjs.org/picocolors cache-miss
1789 silly fetch manifest tar-stream@3.1.7
1790 silly packumentCache full:https://registry.npmjs.org/tar-stream cache-miss
1791 silly fetch manifest @vercel/oidc@3.2.0
1792 silly packumentCache full:https://registry.npmjs.org/@vercel%2foidc cache-miss
1793 silly fetch manifest @workflow/serde@4.1.0-beta.2
1794 silly packumentCache full:https://registry.npmjs.org/@workflow%2fserde cache-miss
1795 silly fetch manifest ms@^2.1.3
1796 silly packumentCache full:https://registry.npmjs.org/ms cache-hit
1797 http cache https://registry.npmjs.org/jose 14ms (cache hit)
1798 silly packumentCache full:https://registry.npmjs.org/jose set size:1413195 disposed:false
1799 http cache https://registry.npmjs.org/zod 27ms (cache hit)
1800 silly packumentCache full:https://registry.npmjs.org/zod set size:3552562 disposed:false
1801 http cache https://registry.npmjs.org/undici 41ms (cache hit)
1802 silly packumentCache full:https://registry.npmjs.org/undici set size:1450121 disposed:false
1803 http cache https://registry.npmjs.org/picocolors 47ms (cache hit)
1804 silly packumentCache full:https://registry.npmjs.org/picocolors set size:16648 disposed:false
1805 http fetch GET 200 https://registry.npmjs.org/tar-stream 58ms (cache miss)
1806 silly packumentCache full:https://registry.npmjs.org/tar-stream set size:undefined disposed:false
1807 http fetch GET 200 https://registry.npmjs.org/jsonlines 236ms (cache miss)
1808 silly packumentCache full:https://registry.npmjs.org/jsonlines set size:undefined disposed:false
1809 http fetch GET 200 https://registry.npmjs.org/@vercel%2foidc 605ms (cache miss)
1810 silly packumentCache full:https://registry.npmjs.org/@vercel%2foidc set size:undefined disposed:false
1811 http fetch GET 200 https://registry.npmjs.org/@workflow%2fserde 613ms (cache miss)
1812 silly packumentCache full:https://registry.npmjs.org/@workflow%2fserde set size:undefined disposed:false
1813 silly placeDep ROOT @vercel/oidc@3.2.0 OK for: @vercel/sandbox@2.1.1 want: 3.2.0
1814 silly placeDep ROOT @workflow/serde@4.1.0-beta.2 OK for: @vercel/sandbox@2.1.1 want: 4.1.0-beta.2
1815 silly placeDep node_modules/@vercel/sandbox jose@6.2.3 OK for: @vercel/sandbox@2.1.1 want: 6.2.3
1816 silly placeDep ROOT jsonlines@0.1.1 OK for: @vercel/sandbox@2.1.1 want: 0.1.1
1817 silly placeDep node_modules/@vercel/sandbox ms@2.1.3 OK for: @vercel/sandbox@2.1.1 want: 2.1.3
1818 silly placeDep node_modules/@vercel/sandbox picocolors@1.1.1 OK for: @vercel/sandbox@2.1.1 want: ^1.1.1
1819 silly placeDep ROOT tar-stream@3.1.7 OK for: @vercel/sandbox@2.1.1 want: 3.1.7
1820 silly placeDep node_modules/@vercel/sandbox undici@7.28.0 OK for: @vercel/sandbox@2.1.1 want: ^7.27.1
1821 silly placeDep node_modules/@vercel/sandbox xdg-app-paths@5.1.0 OK for: @vercel/sandbox@2.1.1 want: 5.1.0
1822 silly placeDep node_modules/@vercel/sandbox zod@3.24.4 OK for: @vercel/sandbox@2.1.1 want: 3.24.4
1823 silly fetch manifest b4a@^1.6.4
1824 silly packumentCache full:https://registry.npmjs.org/b4a cache-miss
1825 silly fetch manifest streamx@^2.15.0
1826 silly packumentCache full:https://registry.npmjs.org/streamx cache-miss
1827 silly fetch manifest fast-fifo@^1.2.0
1828 silly packumentCache full:https://registry.npmjs.org/fast-fifo cache-miss
1829 http fetch GET 200 https://registry.npmjs.org/fast-fifo 30ms (cache miss)
1830 silly packumentCache full:https://registry.npmjs.org/fast-fifo set size:undefined disposed:false
1831 http fetch GET 200 https://registry.npmjs.org/b4a 37ms (cache miss)
1832 silly packumentCache full:https://registry.npmjs.org/b4a set size:undefined disposed:false
1833 http fetch GET 200 https://registry.npmjs.org/streamx 41ms (cache miss)
1834 silly packumentCache full:https://registry.npmjs.org/streamx set size:undefined disposed:false
1835 silly placeDep node_modules/semver lru-cache@6.0.0 OK for: semver@7.5.4 want: ^6.0.0
1836 silly fetch manifest yallist@^4.0.0
1837 silly packumentCache full:https://registry.npmjs.org/yallist cache-miss
1838 http cache https://registry.npmjs.org/yallist 4ms (cache hit)
1839 silly packumentCache full:https://registry.npmjs.org/yallist set size:34610 disposed:false
1840 silly placeDep ROOT shebang-regex@3.0.0 OK for: shebang-command@2.0.0 want: ^3.0.0
1841 silly placeDep ROOT socks@2.8.9 OK for: socks-proxy-agent@8.0.5 want: ^2.8.3
1842 silly fetch manifest ip-address@^10.1.1
1843 silly packumentCache full:https://registry.npmjs.org/ip-address cache-miss
1844 silly fetch manifest smart-buffer@^4.2.0
1845 silly packumentCache full:https://registry.npmjs.org/smart-buffer cache-miss
1846 http fetch GET 200 https://registry.npmjs.org/ip-address 237ms (cache miss)
1847 silly packumentCache full:https://registry.npmjs.org/ip-address set size:undefined disposed:false
1848 http fetch GET 200 https://registry.npmjs.org/smart-buffer 247ms (cache miss)
1849 silly packumentCache full:https://registry.npmjs.org/smart-buffer set size:undefined disposed:false
1850 silly placeDep ROOT ip-address@10.2.0 OK for: socks@2.8.9 want: ^10.1.1
1851 silly placeDep ROOT smart-buffer@4.2.0 OK for: socks@2.8.9 want: ^4.2.0
1852 silly placeDep ROOT cookie-es@2.0.1 OK for: srvx@0.8.9 want: ^2.0.0
1853 silly placeDep ROOT any-promise@1.3.0 OK for: stream-to-promise@2.2.0 want: ~1.3.0
1854 silly placeDep node_modules/stream-to-promise end-of-stream@1.1.0 OK for: stream-to-promise@2.2.0 want: ~1.1.0
1855 silly placeDep ROOT stream-to-array@2.3.0 OK for: stream-to-promise@2.2.0 want: ~2.3.0
1856 silly fetch manifest once@~1.3.0
1857 silly packumentCache full:https://registry.npmjs.org/once cache-hit
1858 silly placeDep ROOT @isaacs/fs-minipass@4.0.1 OK for: tar@7.5.7 want: ^4.0.0
1859 silly placeDep ROOT chownr@3.0.0 OK for: tar@7.5.7 want: ^3.0.0
1860 silly placeDep ROOT minizlib@3.1.0 OK for: tar@7.5.7 want: ^3.1.0
1861 silly placeDep ROOT yallist@5.0.0 OK for: tar@7.5.7 want: ^5.0.0
1862 silly fetch manifest react-native-b4a@*
1863 silly packumentCache full:https://registry.npmjs.org/react-native-b4a cache-miss
1864 http fetch GET 200 https://registry.npmjs.org/react-native-b4a 22ms (cache miss)
1865 silly packumentCache full:https://registry.npmjs.org/react-native-b4a set size:undefined disposed:false
1866 silly fetch manifest react@*
1867 silly packumentCache full:https://registry.npmjs.org/react cache-miss
1868 http fetch GET 200 https://registry.npmjs.org/react 174ms (cache miss)
1869 silly packumentCache full:https://registry.npmjs.org/react set size:undefined disposed:false
1870 silly fetch manifest react-native@*
1871 silly packumentCache full:https://registry.npmjs.org/react-native cache-miss
1872 http fetch GET 200 https://registry.npmjs.org/react-native 514ms (cache miss)
1873 silly packumentCache full:https://registry.npmjs.org/react-native set size:undefined disposed:false
1874 silly fetch manifest @react-native/jest-preset@0.86.0
1875 silly packumentCache full:https://registry.npmjs.org/@react-native%2fjest-preset cache-miss
1876 http fetch GET 200 https://registry.npmjs.org/@react-native%2fjest-preset 276ms (cache miss)
1877 silly packumentCache full:https://registry.npmjs.org/@react-native%2fjest-preset set size:undefined disposed:false
1878 silly fetch manifest @types/react@^19.1.1
1879 silly packumentCache full:https://registry.npmjs.org/@types%2freact cache-miss
1880 http fetch GET 200 https://registry.npmjs.org/@types%2freact 129ms (cache miss)
1881 silly packumentCache full:https://registry.npmjs.org/@types%2freact set size:undefined disposed:false
1882 silly placeDep ROOT b4a@1.8.1 OK for: tar-stream@3.1.7 want: ^1.6.4
1883 silly placeDep ROOT fast-fifo@1.3.2 OK for: tar-stream@3.1.7 want: ^1.2.0
1884 silly placeDep ROOT streamx@2.28.0 OK for: tar-stream@3.1.7 want: ^2.15.0
1885 silly fetch manifest events-universal@^1.0.0
1886 silly packumentCache full:https://registry.npmjs.org/events-universal cache-miss
1887 silly fetch manifest text-decoder@^1.1.0
1888 silly packumentCache full:https://registry.npmjs.org/text-decoder cache-miss
1889 http fetch GET 200 https://registry.npmjs.org/events-universal 35ms (cache miss)
1890 silly packumentCache full:https://registry.npmjs.org/events-universal set size:undefined disposed:false
1891 http fetch GET 200 https://registry.npmjs.org/text-decoder 45ms (cache miss)
1892 silly packumentCache full:https://registry.npmjs.org/text-decoder set size:undefined disposed:false
1893 silly placeDep ROOT events-universal@1.0.1 OK for: streamx@2.28.0 want: ^1.0.0
1894 silly placeDep ROOT text-decoder@1.2.7 OK for: streamx@2.28.0 want: ^1.1.0
1895 silly fetch manifest bare-events@^2.7.0
1896 silly packumentCache full:https://registry.npmjs.org/bare-events cache-miss
1897 http fetch GET 200 https://registry.npmjs.org/bare-events 32ms (cache miss)
1898 silly packumentCache full:https://registry.npmjs.org/bare-events set size:undefined disposed:false
1899 silly fetch manifest bare-abort-controller@*
1900 silly packumentCache full:https://registry.npmjs.org/bare-abort-controller cache-miss
1901 http fetch GET 200 https://registry.npmjs.org/bare-abort-controller 30ms (cache miss)
1902 silly packumentCache full:https://registry.npmjs.org/bare-abort-controller set size:undefined disposed:false
1903 silly placeDep ROOT bare-events@2.9.1 OK for: events-universal@1.0.1 want: ^2.7.0
1904 silly placeDep ROOT convert-hrtime@3.0.0 OK for: time-span@4.0.0 want: ^3.0.0
1905 silly placeDep ROOT @ts-morph/common@0.11.1 OK for: ts-morph@12.0.0 want: ~0.11.0
1906 silly placeDep ROOT code-block-writer@10.1.1 OK for: ts-morph@12.0.0 want: ^10.1.1
1907 silly fetch manifest mkdirp@^1.0.4
1908 silly packumentCache full:https://registry.npmjs.org/mkdirp cache-miss
1909 silly fetch manifest fast-glob@^3.2.7
1910 silly packumentCache full:https://registry.npmjs.org/fast-glob cache-miss
1911 silly fetch manifest minimatch@^3.0.4
1912 silly packumentCache full:https://registry.npmjs.org/minimatch cache-hit
1913 silly fetch manifest path-browserify@^1.0.1
1914 silly packumentCache full:https://registry.npmjs.org/path-browserify cache-miss
1915 http fetch GET 200 https://registry.npmjs.org/mkdirp 36ms (cache miss)
1916 silly packumentCache full:https://registry.npmjs.org/mkdirp set size:undefined disposed:false
1917 http fetch GET 200 https://registry.npmjs.org/path-browserify 243ms (cache miss)
1918 silly packumentCache full:https://registry.npmjs.org/path-browserify set size:undefined disposed:false
1919 http fetch GET 200 https://registry.npmjs.org/fast-glob 253ms (cache miss)
1920 silly packumentCache full:https://registry.npmjs.org/fast-glob set size:undefined disposed:false
1921 silly placeDep ROOT fast-glob@3.3.3 OK for: @ts-morph/common@0.11.1 want: ^3.2.7
1922 silly placeDep node_modules/@ts-morph/common minimatch@3.1.5 OK for: @ts-morph/common@0.11.1 want: ^3.0.4
1923 silly placeDep ROOT mkdirp@1.0.4 OK for: @ts-morph/common@0.11.1 want: ^1.0.4
1924 silly placeDep ROOT path-browserify@1.0.1 OK for: @ts-morph/common@0.11.1 want: ^1.0.1
1925 silly fetch manifest @nodelib/fs.stat@^2.0.2
1926 silly packumentCache full:https://registry.npmjs.org/@nodelib%2ffs.stat cache-miss
1927 silly fetch manifest @nodelib/fs.walk@^1.2.3
1928 silly packumentCache full:https://registry.npmjs.org/@nodelib%2ffs.walk cache-miss
1929 silly fetch manifest glob-parent@^5.1.2
1930 silly packumentCache full:https://registry.npmjs.org/glob-parent cache-miss
1931 silly fetch manifest merge2@^1.3.0
1932 silly packumentCache full:https://registry.npmjs.org/merge2 cache-miss
1933 silly fetch manifest micromatch@^4.0.8
1934 silly packumentCache full:https://registry.npmjs.org/micromatch cache-miss
1935 silly fetch manifest brace-expansion@^1.1.7
1936 silly packumentCache full:https://registry.npmjs.org/brace-expansion cache-miss
1937 http cache https://registry.npmjs.org/brace-expansion 6ms (cache hit)
1938 silly packumentCache full:https://registry.npmjs.org/brace-expansion set size:72152 disposed:false
1939 http fetch GET 200 https://registry.npmjs.org/micromatch 49ms (cache miss)
1940 silly packumentCache full:https://registry.npmjs.org/micromatch set size:undefined disposed:false
1941 http fetch GET 200 https://registry.npmjs.org/@nodelib%2ffs.walk 58ms (cache miss)
1942 silly packumentCache full:https://registry.npmjs.org/@nodelib%2ffs.walk set size:undefined disposed:false
1943 http fetch GET 200 https://registry.npmjs.org/@nodelib%2ffs.stat 67ms (cache miss)
1944 silly packumentCache full:https://registry.npmjs.org/@nodelib%2ffs.stat set size:undefined disposed:false
1945 http fetch GET 200 https://registry.npmjs.org/merge2 79ms (cache miss)
1946 silly packumentCache full:https://registry.npmjs.org/merge2 set size:undefined disposed:false
1947 http fetch GET 200 https://registry.npmjs.org/glob-parent 242ms (cache miss)
1948 silly packumentCache full:https://registry.npmjs.org/glob-parent set size:undefined disposed:false
1949 silly placeDep ROOT @nodelib/fs.stat@2.0.5 OK for: fast-glob@3.3.3 want: ^2.0.2
1950 silly placeDep ROOT @nodelib/fs.walk@1.2.8 OK for: fast-glob@3.3.3 want: ^1.2.3
1951 silly placeDep ROOT glob-parent@5.1.2 OK for: fast-glob@3.3.3 want: ^5.1.2
1952 silly placeDep ROOT merge2@1.4.1 OK for: fast-glob@3.3.3 want: ^1.3.0
1953 silly placeDep ROOT micromatch@4.0.8 OK for: fast-glob@3.3.3 want: ^4.0.8
1954 silly fetch manifest fastq@^1.6.0
1955 silly packumentCache full:https://registry.npmjs.org/fastq cache-miss
1956 silly fetch manifest @nodelib/fs.scandir@2.1.5
1957 silly packumentCache full:https://registry.npmjs.org/@nodelib%2ffs.scandir cache-miss
1958 silly fetch manifest is-glob@^4.0.1
1959 silly packumentCache full:https://registry.npmjs.org/is-glob cache-miss
1960 silly fetch manifest braces@^3.0.3
1961 silly packumentCache full:https://registry.npmjs.org/braces cache-miss
1962 silly fetch manifest picomatch@^2.3.1
1963 silly packumentCache full:https://registry.npmjs.org/picomatch cache-miss
1964 http cache https://registry.npmjs.org/picomatch 6ms (cache hit)
1965 silly packumentCache full:https://registry.npmjs.org/picomatch set size:126376 disposed:false
1966 http fetch GET 200 https://registry.npmjs.org/fastq 33ms (cache miss)
1967 silly packumentCache full:https://registry.npmjs.org/fastq set size:undefined disposed:false
1968 http fetch GET 200 https://registry.npmjs.org/is-glob 41ms (cache miss)
1969 silly packumentCache full:https://registry.npmjs.org/is-glob set size:undefined disposed:false
1970 http fetch GET 200 https://registry.npmjs.org/braces 44ms (cache miss)
1971 silly packumentCache full:https://registry.npmjs.org/braces set size:undefined disposed:false
1972 http fetch GET 200 https://registry.npmjs.org/@nodelib%2ffs.scandir 63ms (cache miss)
1973 silly packumentCache full:https://registry.npmjs.org/@nodelib%2ffs.scandir set size:undefined disposed:false
1974 silly placeDep ROOT @nodelib/fs.scandir@2.1.5 OK for: @nodelib/fs.walk@1.2.8 want: 2.1.5
1975 silly placeDep ROOT fastq@1.20.1 OK for: @nodelib/fs.walk@1.2.8 want: ^1.6.0
1976 silly fetch manifest run-parallel@^1.1.9
1977 silly packumentCache full:https://registry.npmjs.org/run-parallel cache-miss
1978 silly fetch manifest reusify@^1.0.4
1979 silly packumentCache full:https://registry.npmjs.org/reusify cache-miss
1980 http fetch GET 200 https://registry.npmjs.org/reusify 35ms (cache miss)
1981 silly packumentCache full:https://registry.npmjs.org/reusify set size:undefined disposed:false
1982 http fetch GET 200 https://registry.npmjs.org/run-parallel 41ms (cache miss)
1983 silly packumentCache full:https://registry.npmjs.org/run-parallel set size:undefined disposed:false
1984 silly placeDep ROOT run-parallel@1.2.0 OK for: @nodelib/fs.scandir@2.1.5 want: ^1.1.9
1985 silly fetch manifest queue-microtask@^1.2.2
1986 silly packumentCache full:https://registry.npmjs.org/queue-microtask cache-miss
1987 http fetch GET 200 https://registry.npmjs.org/queue-microtask 29ms (cache miss)
1988 silly packumentCache full:https://registry.npmjs.org/queue-microtask set size:undefined disposed:false
1989 silly placeDep ROOT reusify@1.1.0 OK for: fastq@1.20.1 want: ^1.0.4
1990 silly placeDep ROOT is-glob@4.0.3 OK for: glob-parent@5.1.2 want: ^4.0.1
1991 silly fetch manifest is-extglob@^2.1.1
1992 silly packumentCache full:https://registry.npmjs.org/is-extglob cache-miss
1993 http fetch GET 200 https://registry.npmjs.org/is-extglob 30ms (cache miss)
1994 silly packumentCache full:https://registry.npmjs.org/is-extglob set size:undefined disposed:false
1995 silly placeDep ROOT is-extglob@2.1.1 OK for: is-glob@4.0.3 want: ^2.1.1
1996 silly placeDep ROOT braces@3.0.3 OK for: micromatch@4.0.8 want: ^3.0.3
1997 silly placeDep node_modules/micromatch picomatch@2.3.2 OK for: micromatch@4.0.8 want: ^2.3.1
1998 silly fetch manifest fill-range@^7.1.1
1999 silly packumentCache full:https://registry.npmjs.org/fill-range cache-miss
2000 http fetch GET 200 https://registry.npmjs.org/fill-range 43ms (cache miss)
2001 silly packumentCache full:https://registry.npmjs.org/fill-range set size:undefined disposed:false
2002 silly placeDep ROOT fill-range@7.1.1 OK for: braces@3.0.3 want: ^7.1.1
2003 silly fetch manifest to-regex-range@^5.0.1
2004 silly packumentCache full:https://registry.npmjs.org/to-regex-range cache-miss
2005 http fetch GET 200 https://registry.npmjs.org/to-regex-range 32ms (cache miss)
2006 silly packumentCache full:https://registry.npmjs.org/to-regex-range set size:undefined disposed:false
2007 silly placeDep ROOT to-regex-range@5.0.1 OK for: fill-range@7.1.1 want: ^5.0.1
2008 silly fetch manifest is-number@^7.0.0
2009 silly packumentCache full:https://registry.npmjs.org/is-number cache-miss
2010 http fetch GET 200 https://registry.npmjs.org/is-number 30ms (cache miss)
2011 silly packumentCache full:https://registry.npmjs.org/is-number set size:undefined disposed:false
2012 silly placeDep ROOT queue-microtask@1.2.3 OK for: run-parallel@1.2.0 want: ^1.2.2
2013 silly placeDep ROOT is-number@7.0.0 OK for: to-regex-range@5.0.1 want: ^7.0.0
2014 silly placeDep ROOT fsevents@2.3.3 OK for: tsx@4.21.0 want: ~2.3.3
2015 silly placeDep ROOT get-tsconfig@4.14.0 OK for: tsx@4.21.0 want: ^4.7.5
2016 silly fetch manifest resolve-pkg-maps@^1.0.0
2017 silly packumentCache full:https://registry.npmjs.org/resolve-pkg-maps cache-miss
2018 http fetch GET 200 https://registry.npmjs.org/resolve-pkg-maps 33ms (cache miss)
2019 silly packumentCache full:https://registry.npmjs.org/resolve-pkg-maps set size:undefined disposed:false
2020 silly placeDep ROOT resolve-pkg-maps@1.0.0 OK for: get-tsconfig@4.14.0 want: ^1.0.0
2021 silly placeDep ROOT punycode@2.3.1 OK for: uri-js@4.4.1 want: ^2.1.0
2022 silly placeDep ROOT tr46@0.0.3 OK for: whatwg-url@5.0.0 want: ~0.0.3
2023 silly placeDep ROOT webidl-conversions@3.0.1 OK for: whatwg-url@5.0.0 want: ^3.0.0
2024 silly placeDep ROOT isexe@2.0.0 OK for: which@2.0.2 want: ^2.0.0
2025 silly placeDep ROOT os-paths@4.4.0 OK for: xdg-app-paths@5.5.1 want: ^4.0.1
2026 silly placeDep ROOT xdg-portable@7.3.0 OK for: xdg-app-paths@5.5.1 want: ^7.2.0
2027 silly placeDep ROOT yauzl@2.10.0 OK for: yauzl-promise@2.1.3 want: ^2.9.1
2028 silly placeDep ROOT yauzl-clone@1.0.4 OK for: yauzl-promise@2.1.3 want: ^1.0.4
2029 silly fetch manifest fd-slicer@~1.1.0
2030 silly packumentCache full:https://registry.npmjs.org/fd-slicer cache-miss
2031 silly fetch manifest buffer-crc32@~0.2.3
2032 silly packumentCache full:https://registry.npmjs.org/buffer-crc32 cache-miss
2033 silly fetch manifest events-intercept@^2.0.0
2034 silly packumentCache full:https://registry.npmjs.org/events-intercept cache-miss
2035 http fetch GET 200 https://registry.npmjs.org/buffer-crc32 36ms (cache miss)
2036 silly packumentCache full:https://registry.npmjs.org/buffer-crc32 set size:undefined disposed:false
2037 http fetch GET 200 https://registry.npmjs.org/fd-slicer 233ms (cache miss)
2038 silly packumentCache full:https://registry.npmjs.org/fd-slicer set size:undefined disposed:false
2039 http fetch GET 200 https://registry.npmjs.org/events-intercept 244ms (cache miss)
2040 silly packumentCache full:https://registry.npmjs.org/events-intercept set size:undefined disposed:false
2041 silly placeDep ROOT buffer-crc32@0.2.13 OK for: yauzl@2.10.0 want: ~0.2.3
2042 silly placeDep ROOT fd-slicer@1.1.0 OK for: yauzl@2.10.0 want: ~1.1.0
2043 silly fetch manifest pend@~1.2.0
2044 silly packumentCache full:https://registry.npmjs.org/pend cache-miss
2045 http fetch GET 200 https://registry.npmjs.org/pend 30ms (cache miss)
2046 silly packumentCache full:https://registry.npmjs.org/pend set size:undefined disposed:false
2047 silly placeDep ROOT pend@1.2.0 OK for: fd-slicer@1.1.0 want: ~1.2.0
2048 silly placeDep ROOT events-intercept@2.0.0 OK for: yauzl-clone@1.0.4 want: ^2.0.0
2049 silly placeDep ROOT brace-expansion@1.1.15 OK for: minimatch@3.1.5 want: ^1.1.7
2050 silly fetch manifest balanced-match@^1.0.0
2051 silly packumentCache full:https://registry.npmjs.org/balanced-match cache-miss
2052 silly fetch manifest concat-map@0.0.1
2053 silly packumentCache full:https://registry.npmjs.org/concat-map cache-miss
2054 http fetch GET 200 https://registry.npmjs.org/balanced-match 41ms (cache miss)
2055 silly packumentCache full:https://registry.npmjs.org/balanced-match set size:undefined disposed:false
2056 http fetch GET 200 https://registry.npmjs.org/concat-map 86ms (cache miss)
2057 silly packumentCache full:https://registry.npmjs.org/concat-map set size:undefined disposed:false
2058 silly placeDep ROOT balanced-match@1.0.2 OK for: brace-expansion@1.1.15 want: ^1.0.0
2059 silly placeDep ROOT concat-map@0.0.1 OK for: brace-expansion@1.1.15 want: 0.0.1
2060 silly placeDep ROOT @fastify/busboy@2.1.1 OK for: undici@5.28.4 want: ^2.0.0
2061 silly placeDep node_modules/@vercel/rust get-stream@6.0.1 OK for: execa@5.1.1 want: ^6.0.0
2062 silly placeDep node_modules/@vercel/rust human-signals@2.1.0 OK for: execa@5.1.1 want: ^2.1.0
2063 silly placeDep node_modules/@vercel/rust signal-exit@3.0.7 OK for: execa@5.1.1 want: ^3.0.3
2064 silly placeDep node_modules/glob brace-expansion@5.0.6 OK for: minimatch@10.2.5 want: ^5.0.5
2065 silly fetch manifest balanced-match@^4.0.2
2066 silly packumentCache full:https://registry.npmjs.org/balanced-match cache-miss
2067 http cache https://registry.npmjs.org/balanced-match 5ms (cache hit)
2068 silly packumentCache full:https://registry.npmjs.org/balanced-match set size:39082 disposed:false
2069 silly placeDep node_modules/glob balanced-match@4.0.4 OK for: brace-expansion@5.0.6 want: ^4.0.2
2070 silly placeDep node_modules/sandbox ms@2.1.3 OK for: debug@4.4.3 want: ^2.1.3
2071 silly placeDep node_modules/semver yallist@4.0.0 OK for: lru-cache@6.0.0 want: ^4.0.0
2072 silly placeDep node_modules/stream-to-promise once@1.3.3 OK for: end-of-stream@1.1.0 want: ~1.3.0
2073 silly reify moves {}
2074 silly audit bulk request {
2074 silly audit   vercel: [ '54.14.0' ],
2074 silly audit   '@vercel/backends': [ '0.8.14' ],
2074 silly audit   '@vercel/blob': [ '2.4.0' ],
2074 silly audit   '@vercel/build-utils': [ '13.30.0' ],
2074 silly audit   '@vercel/cli-auth': [ '0.3.0' ],
2074 silly audit   '@vercel/cli-config': [ '0.2.0' ],
2074 silly audit   '@vercel/detect-agent': [ '1.2.3' ],
2074 silly audit   '@vercel/elysia': [ '0.1.93' ],
2074 silly audit   '@vercel/express': [ '0.1.105' ],
2074 silly audit   '@vercel/fastify': [ '0.1.96' ],
2074 silly audit   '@vercel/fun': [ '1.3.0' ],
2074 silly audit   '@vercel/go': [ '3.9.0' ],
2074 silly audit   '@vercel/h3': [ '0.1.102' ],
2074 silly audit   '@vercel/hono': [ '0.2.96' ],
2074 silly audit   '@vercel/hydrogen': [ '1.4.0' ],
2074 silly audit   '@vercel/koa': [ '0.1.76' ],
2074 silly audit   '@vercel/nestjs': [ '0.2.97' ],
2074 silly audit   '@vercel/next': [ '4.19.0' ],
2074 silly audit   '@vercel/node': [ '5.8.17' ],
2074 silly audit   '@vercel/prepare-flags-definitions': [ '0.3.0' ],
2074 silly audit   '@vercel/python': [ '6.45.0' ],
2074 silly audit   '@vercel/redwood': [ '2.5.0' ],
2074 silly audit   '@vercel/remix-builder': [ '5.9.1' ],
2074 silly audit   '@vercel/ruby': [ '2.4.0' ],
2074 silly audit   '@vercel/rust': [ '1.3.0' ],
2074 silly audit   '@vercel/static-build': [ '2.10.3' ],
2074 silly audit   chokidar: [ '4.0.0' ],
2074 silly audit   esbuild: [ '0.27.0' ],
2074 silly audit   'form-data': [ '4.0.6' ],
2074 silly audit   jose: [ '5.9.6', '6.2.3' ],
2074 silly audit   luxon: [ '3.7.2' ],
2074 silly audit   'proxy-agent': [ '6.4.0' ],
2074 silly audit   sandbox: [ '3.1.2' ],
2074 silly audit   'smol-toml': [ '1.5.2' ],
2074 silly audit   zod: [ '4.1.11', '3.22.4', '3.24.4' ],
2074 silly audit   '@vercel/nft': [ '1.10.0' ],
2074 silly audit   execa: [ '3.2.0', '5.1.1' ],
2074 silly audit   'fs-extra': [ '11.1.0', '11.1.1' ],
2074 silly audit   'get-port': [ '5.1.1' ],
2074 silly audit   'oxc-transform': [ '0.111.0' ],
2074 silly audit   'path-to-regexp': [ '8.3.0', '8.2.0', '6.1.0', '6.3.0' ],
2074 silly audit   'resolve.exports': [ '2.0.3' ],
2074 silly audit   rolldown: [ '1.0.0-rc.1' ],
2074 silly audit   srvx: [ '0.8.9' ],
2074 silly audit   tsx: [ '4.21.0' ],
2074 silly audit   'async-retry': [ '1.3.3' ],
2074 silly audit   'is-buffer': [ '2.0.5' ],
2074 silly audit   'is-node-process': [ '1.2.0' ],
2074 silly audit   throttleit: [ '2.1.0' ],
2074 silly audit   undici: [ '6.27.0', '5.28.4', '7.28.0' ],
2074 silly audit   '@vercel/python-analysis': [ '0.11.1' ],
2074 silly audit   'cjs-module-lexer': [ '1.2.3' ],
2074 silly audit   'es-module-lexer': [ '1.5.0', '1.4.1' ],
2074 silly audit   '@napi-rs/keyring': [ '1.2.0' ],
2074 silly audit   'async-listen': [ '3.0.0', '1.2.0', '3.0.1' ],
2074 silly audit   open: [ '8.4.0' ],
2074 silly audit   '@napi-rs/keyring-darwin-arm64': [ '1.2.0' ],
2074 silly audit   '@napi-rs/keyring-darwin-x64': [ '1.2.0' ],
2074 silly audit   '@napi-rs/keyring-freebsd-x64': [ '1.2.0' ],
2074 silly audit   '@napi-rs/keyring-linux-arm-gnueabihf': [ '1.2.0' ],
2074 silly audit   '@napi-rs/keyring-linux-arm64-gnu': [ '1.2.0' ],
2074 silly audit   '@napi-rs/keyring-linux-arm64-musl': [ '1.2.0' ],
2074 silly audit   '@napi-rs/keyring-linux-riscv64-gnu': [ '1.2.0' ],
2074 silly audit   '@napi-rs/keyring-linux-x64-gnu': [ '1.2.0' ],
2074 silly audit   '@napi-rs/keyring-linux-x64-musl': [ '1.2.0' ],
2074 silly audit   '@napi-rs/keyring-win32-arm64-msvc': [ '1.2.0' ],
2074 silly audit   '@napi-rs/keyring-win32-ia32-msvc': [ '1.2.0' ],
2074 silly audit   '@napi-rs/keyring-win32-x64-msvc': [ '1.2.0' ],
2074 silly audit   'xdg-app-paths': [ '5.5.1', '5.1.0' ],
2074 silly audit   '@vercel/static-config': [ '3.4.0' ],
2074 silly audit   '@vercel/cervel': [ '0.1.22' ],
2074 silly audit   'ts-morph': [ '12.0.0' ],
2074 silly audit   '@tootallnate/once': [ '2.0.0' ],
2074 silly audit   debug: [ '4.3.4', '4.4.3' ],
2074 silly audit   'generic-pool': [ '3.4.2' ],
2074 silly audit   micro: [ '9.3.5-canary.3' ],
2074 silly audit   ms: [ '2.1.1', '2.1.2', '2.1.3' ],
2074 silly audit   'node-fetch': [ '2.6.7', '2.6.9' ],
2074 silly audit   promisepipe: [ '3.0.0' ],
2074 silly audit   semver: [ '7.5.4', '6.3.1' ],
2074 silly audit   'stat-mode': [ '0.3.0' ],
2074 silly audit   'stream-to-promise': [ '2.2.0' ],
2074 silly audit   tar: [ '7.5.7' ],
2074 silly audit   tinyexec: [ '0.3.2' ],
2074 silly audit   'tree-kill': [ '1.2.2' ],
2074 silly audit   'uid-promise': [ '1.0.0' ],
2074 silly audit   'yauzl-promise': [ '2.1.3' ],
2074 silly audit   '@mapbox/node-pre-gyp': [ '2.0.3' ],
2074 silly audit   '@rollup/pluginutils': [ '5.4.0' ],
2074 silly audit   acorn: [ '8.17.0' ],
2074 silly audit   'acorn-import-attributes': [ '1.9.5' ],
2074 silly audit   'async-sema': [ '3.1.1' ],
2074 silly audit   bindings: [ '1.5.0' ],
2074 silly audit   'estree-walker': [ '2.0.2' ],
2074 silly audit   glob: [ '13.0.6' ],
2074 silly audit   'graceful-fs': [ '4.2.11' ],
2074 silly audit   'node-gyp-build': [ '4.8.4' ],
2074 silly audit   picomatch: [ '4.0.4', '2.3.2' ],
2074 silly audit   'resolve-from': [ '5.0.0' ],
2074 silly audit   consola: [ '3.4.2' ],
2074 silly audit   'detect-libc': [ '2.1.2' ],
2074 silly audit   'https-proxy-agent': [ '7.0.6' ],
2074 silly audit   nopt: [ '8.1.0' ],
2074 silly audit   '@types/estree': [ '1.0.9' ],
2074 silly audit   '@edge-runtime/node-utils': [ '2.3.0' ],
2074 silly audit   '@edge-runtime/primitives': [ '4.1.0' ],
2074 silly audit   '@edge-runtime/vm': [ '3.2.0' ],
2074 silly audit   '@types/node': [ '20.11.0' ],
2074 silly audit   '@vercel/error-utils': [ '2.2.0' ],
2074 silly audit   'edge-runtime': [ '2.5.9' ],
2074 silly audit   etag: [ '1.8.1' ],
2074 silly audit   'mime-types': [ '2.1.35' ],
2074 silly audit   typescript: [ '5.9.3' ],
2074 silly audit   'undici-types': [ '5.26.5' ],
2074 silly audit   '@bytecodealliance/preview2-shim': [ '0.17.6' ],
2074 silly audit   '@renovatebot/pep440': [ '4.2.1' ],
2074 silly audit   'js-yaml': [ '4.1.1' ],
2074 silly audit   minimatch: [ '10.1.1', '10.2.5', '3.1.5' ],
2074 silly audit   '@vercel/gatsby-plugin-vercel-analytics': [ '1.0.11' ],
2074 silly audit   '@vercel/gatsby-plugin-vercel-builder': [ '2.2.19' ],
2074 silly audit   'web-vitals': [ '0.2.4' ],
2074 silly audit   '@sinclair/typebox': [ '0.25.24' ],
2074 silly audit   ajv: [ '8.6.3' ],
2074 silly audit   'json-schema-to-ts': [ '1.6.4' ],
2074 silly audit   'fast-deep-equal': [ '3.1.3' ],
2074 silly audit   'json-schema-traverse': [ '1.0.0' ],
2074 silly audit   'require-from-string': [ '2.0.2' ],
2074 silly audit   'uri-js': [ '4.4.1' ],
2074 silly audit   retry: [ '0.13.1' ],
2074 silly audit   'file-uri-to-path': [ '1.0.0' ],
2074 silly audit   readdirp: [ '4.1.2' ],
2074 silly audit   '@edge-runtime/format': [ '2.2.1' ],
2074 silly audit   '@edge-runtime/ponyfill': [ '2.4.2' ],
2074 silly audit   mri: [ '1.2.0' ],
2074 silly audit   picocolors: [ '1.0.0', '1.1.1' ],
2074 silly audit   'pretty-ms': [ '7.0.1' ],
2074 silly audit   'signal-exit': [ '4.0.2', '3.0.7' ],
2074 silly audit   'time-span': [ '4.0.0' ],
2074 silly audit   '@esbuild/aix-ppc64': [ '0.27.0' ],
2074 silly audit   '@esbuild/android-arm': [ '0.27.0' ],
2074 silly audit   '@esbuild/android-arm64': [ '0.27.0' ],
2074 silly audit   '@esbuild/android-x64': [ '0.27.0' ],
2074 silly audit   '@esbuild/darwin-arm64': [ '0.27.0' ],
2074 silly audit   '@esbuild/darwin-x64': [ '0.27.0' ],
2074 silly audit   '@esbuild/freebsd-arm64': [ '0.27.0' ],
2074 silly audit   '@esbuild/freebsd-x64': [ '0.27.0' ],
2074 silly audit   '@esbuild/linux-arm': [ '0.27.0' ],
2074 silly audit   '@esbuild/linux-arm64': [ '0.27.0' ],
2074 silly audit   '@esbuild/linux-ia32': [ '0.27.0' ],
2074 silly audit   '@esbuild/linux-loong64': [ '0.27.0' ],
2074 silly audit   '@esbuild/linux-mips64el': [ '0.27.0' ],
2074 silly audit   '@esbuild/linux-ppc64': [ '0.27.0' ],
2074 silly audit   '@esbuild/linux-riscv64': [ '0.27.0' ],
2074 silly audit   '@esbuild/linux-s390x': [ '0.27.0' ],
2074 silly audit   '@esbuild/linux-x64': [ '0.27.0' ],
2074 silly audit   '@esbuild/netbsd-arm64': [ '0.27.0' ],
2074 silly audit   '@esbuild/netbsd-x64': [ '0.27.0' ],
2074 silly audit   '@esbuild/openbsd-arm64': [ '0.27.0' ],
2074 silly audit   '@esbuild/openbsd-x64': [ '0.27.0' ],
2074 silly audit   '@esbuild/openharmony-arm64': [ '0.27.0' ],
2074 silly audit   '@esbuild/sunos-x64': [ '0.27.0' ],
2074 silly audit   '@esbuild/win32-arm64': [ '0.27.0' ],
2074 silly audit   '@esbuild/win32-ia32': [ '0.27.0' ],
2074 silly audit   '@esbuild/win32-x64': [ '0.27.0' ],
2074 silly audit   'cross-spawn': [ '7.0.6' ],
2074 silly audit   'get-stream': [ '5.2.0', '6.0.1' ],
2074 silly audit   'human-signals': [ '1.1.1', '2.1.0' ],
2074 silly audit   'is-stream': [ '2.0.1' ],
2074 silly audit   'merge-stream': [ '2.0.0' ],
2074 silly audit   'npm-run-path': [ '4.0.1' ],
2074 silly audit   onetime: [ '5.1.2' ],
2074 silly audit   'p-finally': [ '2.0.1' ],
2074 silly audit   'strip-final-newline': [ '2.0.0' ],
2074 silly audit   'path-key': [ '3.1.1' ],
2074 silly audit   'shebang-command': [ '2.0.0' ],
2074 silly audit   which: [ '2.0.2' ],
2074 silly audit   asynckit: [ '0.4.0' ],
2074 silly audit   'combined-stream': [ '1.0.8' ],
2074 silly audit   'es-set-tostringtag': [ '2.1.0' ],
2074 silly audit   hasown: [ '2.0.4' ],
2074 silly audit   'delayed-stream': [ '1.0.0' ],
2074 silly audit   'es-errors': [ '1.3.0' ],
2074 silly audit   'get-intrinsic': [ '1.3.0' ],
2074 silly audit   'has-tostringtag': [ '1.0.2' ],
2074 silly audit   jsonfile: [ '6.2.1' ],
2074 silly audit   universalify: [ '2.0.1' ],
2074 silly audit   'call-bind-apply-helpers': [ '1.0.2' ],
2074 silly audit   'es-define-property': [ '1.0.1' ],
2074 silly audit   'es-object-atoms': [ '1.1.2' ],
2074 silly audit   'function-bind': [ '1.1.2' ],
2074 silly audit   'get-proto': [ '1.0.1' ],
2074 silly audit   gopd: [ '1.2.0' ],
2074 silly audit   'has-symbols': [ '1.1.0' ],
2074 silly audit   'math-intrinsics': [ '1.1.0' ],
2074 silly audit   'dunder-proto': [ '1.0.1' ],
2074 silly audit   pump: [ '3.0.4' ],
2074 silly audit   minipass: [ '7.1.3' ],
2074 silly audit   'path-scurry': [ '2.0.2' ],
2074 silly audit   'agent-base': [ '7.1.4' ],
2074 silly audit   argparse: [ '2.0.1' ],
2074 silly audit   '@types/json-schema': [ '7.0.15' ],
2074 silly audit   'ts-toolbelt': [ '6.15.5' ],
2074 silly audit   arg: [ '4.1.0' ],
2074 silly audit   'content-type': [ '1.0.4' ],
2074 silly audit   'raw-body': [ '2.4.1' ],
2074 silly audit   'mime-db': [ '1.52.0' ],
2074 silly audit   '@isaacs/brace-expansion': [ '5.0.1' ],
2074 silly audit   '@isaacs/balanced-match': [ '4.0.1' ],
2074 silly audit   'whatwg-url': [ '5.0.0' ],
2074 silly audit   abbrev: [ '3.0.1' ],
2074 silly audit   'mimic-fn': [ '2.1.0' ],
2074 silly audit   'define-lazy-prop': [ '2.0.0' ],
2074 silly audit   'is-docker': [ '2.2.1' ],
2074 silly audit   'is-wsl': [ '2.2.0' ],
2074 silly audit   '@oxc-transform/binding-android-arm-eabi': [ '0.111.0' ],
2074 silly audit   '@oxc-transform/binding-android-arm64': [ '0.111.0' ],
2074 silly audit   '@oxc-transform/binding-darwin-arm64': [ '0.111.0' ],
2074 silly audit   '@oxc-transform/binding-darwin-x64': [ '0.111.0' ],
2074 silly audit   '@oxc-transform/binding-freebsd-x64': [ '0.111.0' ],
2074 silly audit   '@oxc-transform/binding-linux-arm-gnueabihf': [ '0.111.0' ],
2074 silly audit   '@oxc-transform/binding-linux-arm-musleabihf': [ '0.111.0' ],
2074 silly audit   '@oxc-transform/binding-linux-arm64-gnu': [ '0.111.0' ],
2074 silly audit   '@oxc-transform/binding-linux-arm64-musl': [ '0.111.0' ],
2074 silly audit   '@oxc-transform/binding-linux-ppc64-gnu': [ '0.111.0' ],
2074 silly audit   '@oxc-transform/binding-linux-riscv64-gnu': [ '0.111.0' ],
2074 silly audit   '@oxc-transform/binding-linux-riscv64-musl': [ '0.111.0' ],
2074 silly audit   '@oxc-transform/binding-linux-s390x-gnu': [ '0.111.0' ],
2074 silly audit   '@oxc-transform/binding-linux-x64-gnu': [ '0.111.0' ],
2074 silly audit   '@oxc-transform/binding-linux-x64-musl': [ '0.111.0' ],
2074 silly audit   '@oxc-transform/binding-openharmony-arm64': [ '0.111.0' ],
2074 silly audit   '@oxc-transform/binding-wasm32-wasi': [ '0.111.0' ],
2074 silly audit   '@oxc-transform/binding-win32-arm64-msvc': [ '0.111.0' ],
2074 silly audit   '@oxc-transform/binding-win32-ia32-msvc': [ '0.111.0' ],
2074 silly audit   '@oxc-transform/binding-win32-x64-msvc': [ '0.111.0' ],
2074 silly audit   '@napi-rs/wasm-runtime': [ '1.1.5' ],
2074 silly audit   '@emnapi/core': [ '1.11.1' ],
2074 silly audit   '@emnapi/runtime': [ '1.11.1' ],
2074 silly audit   '@emnapi/wasi-threads': [ '1.2.2' ],
2074 silly audit   tslib: [ '2.8.1' ],
2074 silly audit   '@tybys/wasm-util': [ '0.10.2' ],
2074 silly audit   'lru-cache': [ '11.5.1', '7.18.3', '6.0.0' ],
2074 silly audit   'parse-ms': [ '2.1.0' ],
2074 silly audit   'http-proxy-agent': [ '7.0.2' ],
2074 silly audit   'pac-proxy-agent': [ '7.2.0' ],
2074 silly audit   'proxy-from-env': [ '1.1.0' ],
2074 silly audit   'socks-proxy-agent': [ '8.0.5' ],
2074 silly audit   '@tootallnate/quickjs-emscripten': [ '0.23.0' ],
2074 silly audit   'get-uri': [ '6.0.5' ],
2074 silly audit   'pac-resolver': [ '7.0.1' ],
2074 silly audit   'basic-ftp': [ '5.3.1' ],
2074 silly audit   'data-uri-to-buffer': [ '6.0.2' ],
2074 silly audit   degenerator: [ '5.0.1' ],
2074 silly audit   netmask: [ '2.1.1' ],
2074 silly audit   'ast-types': [ '0.13.4' ],
2074 silly audit   escodegen: [ '2.1.0' ],
2074 silly audit   esprima: [ '4.0.1' ],
2074 silly audit   estraverse: [ '5.3.0' ],
2074 silly audit   esutils: [ '2.0.3' ],
2074 silly audit   'source-map': [ '0.6.1' ],
2074 silly audit   'end-of-stream': [ '1.4.5', '1.1.0' ],
2074 silly audit   once: [ '1.4.0', '1.3.3' ],
2074 silly audit   wrappy: [ '1.0.2' ],
2074 silly audit   bytes: [ '3.1.0' ],
2074 silly audit   'http-errors': [ '1.7.3' ],
2074 silly audit   'iconv-lite': [ '0.4.24' ],
2074 silly audit   unpipe: [ '1.0.0' ],
2074 silly audit   depd: [ '1.1.2' ],
2074 silly audit   inherits: [ '2.0.4' ],
2074 silly audit   setprototypeof: [ '1.1.1' ],
2074 silly audit   statuses: [ '1.5.0' ],
2074 silly audit   toidentifier: [ '1.0.0' ],
2074 silly audit   'safer-buffer': [ '2.1.2' ],
2074 silly audit   '@oxc-project/types': [ '0.110.0' ],
2074 silly audit   '@rolldown/binding-android-arm64': [ '1.0.0-rc.1' ],
2074 silly audit   '@rolldown/binding-darwin-arm64': [ '1.0.0-rc.1' ],
2074 silly audit   '@rolldown/binding-darwin-x64': [ '1.0.0-rc.1' ],
2074 silly audit   '@rolldown/binding-freebsd-x64': [ '1.0.0-rc.1' ],
2074 silly audit   '@rolldown/binding-linux-arm-gnueabihf': [ '1.0.0-rc.1' ],
2074 silly audit   '@rolldown/binding-linux-arm64-gnu': [ '1.0.0-rc.1' ],
2074 silly audit   '@rolldown/binding-linux-arm64-musl': [ '1.0.0-rc.1' ],
2074 silly audit   '@rolldown/binding-linux-x64-gnu': [ '1.0.0-rc.1' ],
2074 silly audit   '@rolldown/binding-linux-x64-musl': [ '1.0.0-rc.1' ],
2074 silly audit   '@rolldown/binding-openharmony-arm64': [ '1.0.0-rc.1' ],
2074 silly audit   '@rolldown/binding-wasm32-wasi': [ '1.0.0-rc.1' ],
2074 silly audit   '@rolldown/binding-win32-arm64-msvc': [ '1.0.0-rc.1' ],
2074 silly audit   '@rolldown/binding-win32-x64-msvc': [ '1.0.0-rc.1' ],
2074 silly audit   '@rolldown/pluginutils': [ '1.0.0-rc.1' ],
2074 silly audit   '@vercel/sandbox': [ '2.1.1' ],
2074 silly audit   '@vercel/oidc': [ '3.2.0' ],
2074 silly audit   '@workflow/serde': [ '4.1.0-beta.2' ],
2074 silly audit   jsonlines: [ '0.1.1' ],
2074 silly audit   'tar-stream': [ '3.1.7' ],
2074 silly audit   'shebang-regex': [ '3.0.0' ],
2074 silly audit   socks: [ '2.8.9' ],
2074 silly audit   'ip-address': [ '10.2.0' ],
2074 silly audit   'smart-buffer': [ '4.2.0' ],
2074 silly audit   'cookie-es': [ '2.0.1' ],
2074 silly audit   'any-promise': [ '1.3.0' ],
2074 silly audit   'stream-to-array': [ '2.3.0' ],
2074 silly audit   '@isaacs/fs-minipass': [ '4.0.1' ],
2074 silly audit   chownr: [ '3.0.0' ],
2074 silly audit   minizlib: [ '3.1.0' ],
2074 silly audit   yallist: [ '5.0.0', '4.0.0' ],
2074 silly audit   b4a: [ '1.8.1' ],
2074 silly audit   'fast-fifo': [ '1.3.2' ],
2074 silly audit   streamx: [ '2.28.0' ],
2074 silly audit   'events-universal': [ '1.0.1' ],
2074 silly audit   'text-decoder': [ '1.2.7' ],
2074 silly audit   'bare-events': [ '2.9.1' ],
2074 silly audit   'convert-hrtime': [ '3.0.0' ],
2074 silly audit   '@ts-morph/common': [ '0.11.1' ],
2074 silly audit   'code-block-writer': [ '10.1.1' ],
2074 silly audit   'fast-glob': [ '3.3.3' ],
2074 silly audit   mkdirp: [ '1.0.4' ],
2074 silly audit   'path-browserify': [ '1.0.1' ],
2074 silly audit   '@nodelib/fs.stat': [ '2.0.5' ],
2074 silly audit   '@nodelib/fs.walk': [ '1.2.8' ],
2074 silly audit   'glob-parent': [ '5.1.2' ],
2074 silly audit   merge2: [ '1.4.1' ],
2074 silly audit   micromatch: [ '4.0.8' ],
2074 silly audit   '@nodelib/fs.scandir': [ '2.1.5' ],
2074 silly audit   fastq: [ '1.20.1' ],
2074 silly audit   'run-parallel': [ '1.2.0' ],
2074 silly audit   reusify: [ '1.1.0' ],
2074 silly audit   'is-glob': [ '4.0.3' ],
2074 silly audit   'is-extglob': [ '2.1.1' ],
2074 silly audit   braces: [ '3.0.3' ],
2074 silly audit   'fill-range': [ '7.1.1' ],
2074 silly audit   'to-regex-range': [ '5.0.1' ],
2074 silly audit   'queue-microtask': [ '1.2.3' ],
2074 silly audit   'is-number': [ '7.0.0' ],
2074 silly audit   fsevents: [ '2.3.3' ],
2074 silly audit   'get-tsconfig': [ '4.14.0' ],
2074 silly audit   'resolve-pkg-maps': [ '1.0.0' ],
2074 silly audit   punycode: [ '2.3.1' ],
2074 silly audit   tr46: [ '0.0.3' ],
2074 silly audit   'webidl-conversions': [ '3.0.1' ],
2074 silly audit   isexe: [ '2.0.0' ],
2074 silly audit   'os-paths': [ '4.4.0' ],
2074 silly audit   'xdg-portable': [ '7.3.0' ],
2074 silly audit   yauzl: [ '2.10.0' ],
2074 silly audit   'yauzl-clone': [ '1.0.4' ],
2074 silly audit   'buffer-crc32': [ '0.2.13' ],
2074 silly audit   'fd-slicer': [ '1.1.0' ],
2074 silly audit   pend: [ '1.2.0' ],
2074 silly audit   'events-intercept': [ '2.0.0' ],
2074 silly audit   'brace-expansion': [ '1.1.15', '5.0.6' ],
2074 silly audit   'balanced-match': [ '1.0.2', '4.0.4' ],
2074 silly audit   'concat-map': [ '0.0.1' ],
2074 silly audit   '@fastify/busboy': [ '2.1.1' ]
2074 silly audit }
2075 http cache @fastify/busboy@https://registry.npmjs.org/@fastify/busboy/-/busboy-2.1.1.tgz 0ms (cache hit)
2076 http cache balanced-match@https://registry.npmjs.org/balanced-match/-/balanced-match-1.0.2.tgz 0ms (cache hit)
2077 http cache concat-map@https://registry.npmjs.org/concat-map/-/concat-map-0.0.1.tgz 0ms (cache hit)
2078 http cache brace-expansion@https://registry.npmjs.org/brace-expansion/-/brace-expansion-1.1.15.tgz 0ms (cache hit)
2079 http cache events-intercept@https://registry.npmjs.org/events-intercept/-/events-intercept-2.0.0.tgz 0ms (cache hit)
2080 http cache fd-slicer@https://registry.npmjs.org/fd-slicer/-/fd-slicer-1.1.0.tgz 0ms (cache hit)
2081 http cache pend@https://registry.npmjs.org/pend/-/pend-1.2.0.tgz 0ms (cache hit)
2082 http cache yauzl-clone@https://registry.npmjs.org/yauzl-clone/-/yauzl-clone-1.0.4.tgz 0ms (cache hit)
2083 http cache buffer-crc32@https://registry.npmjs.org/buffer-crc32/-/buffer-crc32-0.2.13.tgz 0ms (cache hit)
2084 http cache yauzl@https://registry.npmjs.org/yauzl/-/yauzl-2.10.0.tgz 0ms (cache hit)
2085 http cache xdg-portable@https://registry.npmjs.org/xdg-portable/-/xdg-portable-7.3.0.tgz 0ms (cache hit)
2086 http cache isexe@https://registry.npmjs.org/isexe/-/isexe-2.0.0.tgz 0ms (cache hit)
2087 http cache os-paths@https://registry.npmjs.org/os-paths/-/os-paths-4.4.0.tgz 0ms (cache hit)
2088 http cache tr46@https://registry.npmjs.org/tr46/-/tr46-0.0.3.tgz 0ms (cache hit)
2089 http cache resolve-pkg-maps@https://registry.npmjs.org/resolve-pkg-maps/-/resolve-pkg-maps-1.0.0.tgz 0ms (cache hit)
2090 http cache webidl-conversions@https://registry.npmjs.org/webidl-conversions/-/webidl-conversions-3.0.1.tgz 0ms (cache hit)
2091 http cache get-tsconfig@https://registry.npmjs.org/get-tsconfig/-/get-tsconfig-4.14.0.tgz 0ms (cache hit)
2092 http cache queue-microtask@https://registry.npmjs.org/queue-microtask/-/queue-microtask-1.2.3.tgz 0ms (cache hit)
2093 http cache to-regex-range@https://registry.npmjs.org/to-regex-range/-/to-regex-range-5.0.1.tgz 0ms (cache hit)
2094 http cache fill-range@https://registry.npmjs.org/fill-range/-/fill-range-7.1.1.tgz 0ms (cache hit)
2095 http cache braces@https://registry.npmjs.org/braces/-/braces-3.0.3.tgz 0ms (cache hit)
2096 http cache is-number@https://registry.npmjs.org/is-number/-/is-number-7.0.0.tgz 0ms (cache hit)
2097 http cache punycode@https://registry.npmjs.org/punycode/-/punycode-2.3.1.tgz 0ms (cache hit)
2098 http cache is-glob@https://registry.npmjs.org/is-glob/-/is-glob-4.0.3.tgz 0ms (cache hit)
2099 http cache is-extglob@https://registry.npmjs.org/is-extglob/-/is-extglob-2.1.1.tgz 0ms (cache hit)
2100 http cache reusify@https://registry.npmjs.org/reusify/-/reusify-1.1.0.tgz 0ms (cache hit)
2101 http cache run-parallel@https://registry.npmjs.org/run-parallel/-/run-parallel-1.2.0.tgz 0ms (cache hit)
2102 http cache @nodelib/fs.scandir@https://registry.npmjs.org/@nodelib/fs.scandir/-/fs.scandir-2.1.5.tgz 0ms (cache hit)
2103 http cache merge2@https://registry.npmjs.org/merge2/-/merge2-1.4.1.tgz 0ms (cache hit)
2104 http cache micromatch@https://registry.npmjs.org/micromatch/-/micromatch-4.0.8.tgz 0ms (cache hit)
2105 http cache fastq@https://registry.npmjs.org/fastq/-/fastq-1.20.1.tgz 0ms (cache hit)
2106 http cache @nodelib/fs.walk@https://registry.npmjs.org/@nodelib/fs.walk/-/fs.walk-1.2.8.tgz 0ms (cache hit)
2107 http cache glob-parent@https://registry.npmjs.org/glob-parent/-/glob-parent-5.1.2.tgz 0ms (cache hit)
2108 http cache @nodelib/fs.stat@https://registry.npmjs.org/@nodelib/fs.stat/-/fs.stat-2.0.5.tgz 0ms (cache hit)
2109 http cache path-browserify@https://registry.npmjs.org/path-browserify/-/path-browserify-1.0.1.tgz 0ms (cache hit)
2110 http cache fast-glob@https://registry.npmjs.org/fast-glob/-/fast-glob-3.3.3.tgz 0ms (cache hit)
2111 http cache code-block-writer@https://registry.npmjs.org/code-block-writer/-/code-block-writer-10.1.1.tgz 0ms (cache hit)
2112 http cache mkdirp@https://registry.npmjs.org/mkdirp/-/mkdirp-1.0.4.tgz 0ms (cache hit)
2113 http cache convert-hrtime@https://registry.npmjs.org/convert-hrtime/-/convert-hrtime-3.0.0.tgz 0ms (cache hit)
2114 http cache text-decoder@https://registry.npmjs.org/text-decoder/-/text-decoder-1.2.7.tgz 0ms (cache hit)
2115 http cache events-universal@https://registry.npmjs.org/events-universal/-/events-universal-1.0.1.tgz 0ms (cache hit)
2116 http cache bare-events@https://registry.npmjs.org/bare-events/-/bare-events-2.9.1.tgz 0ms (cache hit)
2117 http cache @ts-morph/common@https://registry.npmjs.org/@ts-morph/common/-/common-0.11.1.tgz 0ms (cache hit)
2118 http cache streamx@https://registry.npmjs.org/streamx/-/streamx-2.28.0.tgz 0ms (cache hit)
2119 http cache yallist@https://registry.npmjs.org/yallist/-/yallist-5.0.0.tgz 0ms (cache hit)
2120 http cache minizlib@https://registry.npmjs.org/minizlib/-/minizlib-3.1.0.tgz 0ms (cache hit)
2121 http cache fast-fifo@https://registry.npmjs.org/fast-fifo/-/fast-fifo-1.3.2.tgz 0ms (cache hit)
2122 http cache @isaacs/fs-minipass@https://registry.npmjs.org/@isaacs/fs-minipass/-/fs-minipass-4.0.1.tgz 0ms (cache hit)
2123 http cache chownr@https://registry.npmjs.org/chownr/-/chownr-3.0.0.tgz 0ms (cache hit)
2124 http cache stream-to-array@https://registry.npmjs.org/stream-to-array/-/stream-to-array-2.3.0.tgz 0ms (cache hit)
2125 http cache any-promise@https://registry.npmjs.org/any-promise/-/any-promise-1.3.0.tgz 0ms (cache hit)
2126 http cache b4a@https://registry.npmjs.org/b4a/-/b4a-1.8.1.tgz 0ms (cache hit)
2127 http cache cookie-es@https://registry.npmjs.org/cookie-es/-/cookie-es-2.0.1.tgz 0ms (cache hit)
2128 http cache smart-buffer@https://registry.npmjs.org/smart-buffer/-/smart-buffer-4.2.0.tgz 0ms (cache hit)
2129 http cache ip-address@https://registry.npmjs.org/ip-address/-/ip-address-10.2.0.tgz 0ms (cache hit)
2130 http cache shebang-regex@https://registry.npmjs.org/shebang-regex/-/shebang-regex-3.0.0.tgz 0ms (cache hit)
2131 http cache tar-stream@https://registry.npmjs.org/tar-stream/-/tar-stream-3.1.7.tgz 0ms (cache hit)
2132 http cache @vercel/oidc@https://registry.npmjs.org/@vercel/oidc/-/oidc-3.2.0.tgz 0ms (cache hit)
2133 http cache socks@https://registry.npmjs.org/socks/-/socks-2.8.9.tgz 0ms (cache hit)
2134 http cache @workflow/serde@https://registry.npmjs.org/@workflow/serde/-/serde-4.1.0-beta.2.tgz 0ms (cache hit)
2135 http cache jsonlines@https://registry.npmjs.org/jsonlines/-/jsonlines-0.1.1.tgz 0ms (cache hit)
2136 http cache @vercel/sandbox@https://registry.npmjs.org/@vercel/sandbox/-/sandbox-2.1.1.tgz 0ms (cache hit)
2137 http cache @oxc-project/types@https://registry.npmjs.org/@oxc-project/types/-/types-0.110.0.tgz 0ms (cache hit)
2138 http cache toidentifier@https://registry.npmjs.org/toidentifier/-/toidentifier-1.0.0.tgz 0ms (cache hit)
2139 http cache @rolldown/pluginutils@https://registry.npmjs.org/@rolldown/pluginutils/-/pluginutils-1.0.0-rc.1.tgz 0ms (cache hit)
2140 http cache safer-buffer@https://registry.npmjs.org/safer-buffer/-/safer-buffer-2.1.2.tgz 0ms (cache hit)
2141 http cache setprototypeof@https://registry.npmjs.org/setprototypeof/-/setprototypeof-1.1.1.tgz 0ms (cache hit)
2142 http cache statuses@https://registry.npmjs.org/statuses/-/statuses-1.5.0.tgz 0ms (cache hit)
2143 http cache inherits@https://registry.npmjs.org/inherits/-/inherits-2.0.4.tgz 0ms (cache hit)
2144 http cache depd@https://registry.npmjs.org/depd/-/depd-1.1.2.tgz 0ms (cache hit)
2145 http cache http-errors@https://registry.npmjs.org/http-errors/-/http-errors-1.7.3.tgz 0ms (cache hit)
2146 http cache wrappy@https://registry.npmjs.org/wrappy/-/wrappy-1.0.2.tgz 0ms (cache hit)
2147 http cache @rolldown/binding-win32-x64-msvc@https://registry.npmjs.org/@rolldown/binding-win32-x64-msvc/-/binding-win32-x64-msvc-1.0.0-rc.1.tgz 0ms (cache hit)
2148 http cache iconv-lite@https://registry.npmjs.org/iconv-lite/-/iconv-lite-0.4.24.tgz 0ms (cache hit)
2149 http cache once@https://registry.npmjs.org/once/-/once-1.4.0.tgz 0ms (cache hit)
2150 http cache bytes@https://registry.npmjs.org/bytes/-/bytes-3.1.0.tgz 0ms (cache hit)
2151 http cache end-of-stream@https://registry.npmjs.org/end-of-stream/-/end-of-stream-1.4.5.tgz 0ms (cache hit)
2152 http cache escodegen@https://registry.npmjs.org/escodegen/-/escodegen-2.1.0.tgz 0ms (cache hit)
2153 http cache unpipe@https://registry.npmjs.org/unpipe/-/unpipe-1.0.0.tgz 0ms (cache hit)
2154 http cache estraverse@https://registry.npmjs.org/estraverse/-/estraverse-5.3.0.tgz 0ms (cache hit)
2155 http cache source-map@https://registry.npmjs.org/source-map/-/source-map-0.6.1.tgz 0ms (cache hit)
2156 http cache esutils@https://registry.npmjs.org/esutils/-/esutils-2.0.3.tgz 0ms (cache hit)
2157 http cache esprima@https://registry.npmjs.org/esprima/-/esprima-4.0.1.tgz 0ms (cache hit)
2158 http cache data-uri-to-buffer@https://registry.npmjs.org/data-uri-to-buffer/-/data-uri-to-buffer-6.0.2.tgz 0ms (cache hit)
2159 http cache degenerator@https://registry.npmjs.org/degenerator/-/degenerator-5.0.1.tgz 0ms (cache hit)
2160 http cache ast-types@https://registry.npmjs.org/ast-types/-/ast-types-0.13.4.tgz 0ms (cache hit)
2161 http cache netmask@https://registry.npmjs.org/netmask/-/netmask-2.1.1.tgz 0ms (cache hit)
2162 http cache @tootallnate/quickjs-emscripten@https://registry.npmjs.org/@tootallnate/quickjs-emscripten/-/quickjs-emscripten-0.23.0.tgz 0ms (cache hit)
2163 http cache basic-ftp@https://registry.npmjs.org/basic-ftp/-/basic-ftp-5.3.1.tgz 0ms (cache hit)
2164 http cache pac-resolver@https://registry.npmjs.org/pac-resolver/-/pac-resolver-7.0.1.tgz 0ms (cache hit)
2165 http cache proxy-from-env@https://registry.npmjs.org/proxy-from-env/-/proxy-from-env-1.1.0.tgz 0ms (cache hit)
2166 http cache parse-ms@https://registry.npmjs.org/parse-ms/-/parse-ms-2.1.0.tgz 0ms (cache hit)
2167 http cache http-proxy-agent@https://registry.npmjs.org/http-proxy-agent/-/http-proxy-agent-7.0.2.tgz 0ms (cache hit)
2168 http cache get-uri@https://registry.npmjs.org/get-uri/-/get-uri-6.0.5.tgz 0ms (cache hit)
2169 http cache socks-proxy-agent@https://registry.npmjs.org/socks-proxy-agent/-/socks-proxy-agent-8.0.5.tgz 0ms (cache hit)
2170 http cache @tybys/wasm-util@https://registry.npmjs.org/@tybys/wasm-util/-/wasm-util-0.10.2.tgz 0ms (cache hit)
2171 http cache lru-cache@https://registry.npmjs.org/lru-cache/-/lru-cache-11.5.1.tgz 0ms (cache hit)
2172 http cache pac-proxy-agent@https://registry.npmjs.org/pac-proxy-agent/-/pac-proxy-agent-7.2.0.tgz 0ms (cache hit)
2173 http cache @emnapi/wasi-threads@https://registry.npmjs.org/@emnapi/wasi-threads/-/wasi-threads-1.2.2.tgz 0ms (cache hit)
2174 http cache tslib@https://registry.npmjs.org/tslib/-/tslib-2.8.1.tgz 0ms (cache hit)
2175 http cache @napi-rs/wasm-runtime@https://registry.npmjs.org/@napi-rs/wasm-runtime/-/wasm-runtime-1.1.5.tgz 0ms (cache hit)
2176 http cache @oxc-transform/binding-win32-x64-msvc@https://registry.npmjs.org/@oxc-transform/binding-win32-x64-msvc/-/binding-win32-x64-msvc-0.111.0.tgz 0ms (cache hit)
2177 http cache @emnapi/core@https://registry.npmjs.org/@emnapi/core/-/core-1.11.1.tgz 0ms (cache hit)
2178 http cache define-lazy-prop@https://registry.npmjs.org/define-lazy-prop/-/define-lazy-prop-2.0.0.tgz 0ms (cache hit)
2179 http cache is-docker@https://registry.npmjs.org/is-docker/-/is-docker-2.2.1.tgz 0ms (cache hit)
2180 http cache @emnapi/runtime@https://registry.npmjs.org/@emnapi/runtime/-/runtime-1.11.1.tgz 0ms (cache hit)
2181 http cache is-wsl@https://registry.npmjs.org/is-wsl/-/is-wsl-2.2.0.tgz 0ms (cache hit)
2182 http cache whatwg-url@https://registry.npmjs.org/whatwg-url/-/whatwg-url-5.0.0.tgz 0ms (cache hit)
2183 http cache mimic-fn@https://registry.npmjs.org/mimic-fn/-/mimic-fn-2.1.0.tgz 0ms (cache hit)
2184 http cache abbrev@https://registry.npmjs.org/abbrev/-/abbrev-3.0.1.tgz 0ms (cache hit)
2185 http cache @isaacs/brace-expansion@https://registry.npmjs.org/@isaacs/brace-expansion/-/brace-expansion-5.0.1.tgz 0ms (cache hit)
2186 http cache @isaacs/balanced-match@https://registry.npmjs.org/@isaacs/balanced-match/-/balanced-match-4.0.1.tgz 0ms (cache hit)
2187 http cache mime-db@https://registry.npmjs.org/mime-db/-/mime-db-1.52.0.tgz 0ms (cache hit)
2188 http cache @types/json-schema@https://registry.npmjs.org/@types/json-schema/-/json-schema-7.0.15.tgz 0ms (cache hit)
2189 http cache raw-body@https://registry.npmjs.org/raw-body/-/raw-body-2.4.1.tgz 0ms (cache hit)
2190 http cache arg@https://registry.npmjs.org/arg/-/arg-4.1.0.tgz 0ms (cache hit)
2191 http cache content-type@https://registry.npmjs.org/content-type/-/content-type-1.0.4.tgz 0ms (cache hit)
2192 http cache argparse@https://registry.npmjs.org/argparse/-/argparse-2.0.1.tgz 0ms (cache hit)
2193 http cache ts-toolbelt@https://registry.npmjs.org/ts-toolbelt/-/ts-toolbelt-6.15.5.tgz 0ms (cache hit)
2194 http cache agent-base@https://registry.npmjs.org/agent-base/-/agent-base-7.1.4.tgz 0ms (cache hit)
2195 http cache dunder-proto@https://registry.npmjs.org/dunder-proto/-/dunder-proto-1.0.1.tgz 0ms (cache hit)
2196 http cache pump@https://registry.npmjs.org/pump/-/pump-3.0.4.tgz 0ms (cache hit)
2197 http cache path-scurry@https://registry.npmjs.org/path-scurry/-/path-scurry-2.0.2.tgz 0ms (cache hit)
2198 http cache minipass@https://registry.npmjs.org/minipass/-/minipass-7.1.3.tgz 0ms (cache hit)
2199 http cache has-symbols@https://registry.npmjs.org/has-symbols/-/has-symbols-1.1.0.tgz 0ms (cache hit)
2200 http cache math-intrinsics@https://registry.npmjs.org/math-intrinsics/-/math-intrinsics-1.1.0.tgz 0ms (cache hit)
2201 http cache get-proto@https://registry.npmjs.org/get-proto/-/get-proto-1.0.1.tgz 0ms (cache hit)
2202 http cache gopd@https://registry.npmjs.org/gopd/-/gopd-1.2.0.tgz 0ms (cache hit)
2203 http cache es-object-atoms@https://registry.npmjs.org/es-object-atoms/-/es-object-atoms-1.1.2.tgz 0ms (cache hit)
2204 http cache function-bind@https://registry.npmjs.org/function-bind/-/function-bind-1.1.2.tgz 0ms (cache hit)
2205 http cache es-define-property@https://registry.npmjs.org/es-define-property/-/es-define-property-1.0.1.tgz 0ms (cache hit)
2206 http cache universalify@https://registry.npmjs.org/universalify/-/universalify-2.0.1.tgz 0ms (cache hit)
2207 http cache call-bind-apply-helpers@https://registry.npmjs.org/call-bind-apply-helpers/-/call-bind-apply-helpers-1.0.2.tgz 0ms (cache hit)
2208 http cache get-intrinsic@https://registry.npmjs.org/get-intrinsic/-/get-intrinsic-1.3.0.tgz 0ms (cache hit)
2209 http cache has-tostringtag@https://registry.npmjs.org/has-tostringtag/-/has-tostringtag-1.0.2.tgz 0ms (cache hit)
2210 http cache delayed-stream@https://registry.npmjs.org/delayed-stream/-/delayed-stream-1.0.0.tgz 0ms (cache hit)
2211 http cache jsonfile@https://registry.npmjs.org/jsonfile/-/jsonfile-6.2.1.tgz 0ms (cache hit)
2212 http cache es-errors@https://registry.npmjs.org/es-errors/-/es-errors-1.3.0.tgz 0ms (cache hit)
2213 http cache hasown@https://registry.npmjs.org/hasown/-/hasown-2.0.4.tgz 0ms (cache hit)
2214 http cache es-set-tostringtag@https://registry.npmjs.org/es-set-tostringtag/-/es-set-tostringtag-2.1.0.tgz 0ms (cache hit)
2215 http cache combined-stream@https://registry.npmjs.org/combined-stream/-/combined-stream-1.0.8.tgz 0ms (cache hit)
2216 http cache which@https://registry.npmjs.org/which/-/which-2.0.2.tgz 0ms (cache hit)
2217 http cache asynckit@https://registry.npmjs.org/asynckit/-/asynckit-0.4.0.tgz 0ms (cache hit)
2218 http cache shebang-command@https://registry.npmjs.org/shebang-command/-/shebang-command-2.0.0.tgz 0ms (cache hit)
2219 http cache strip-final-newline@https://registry.npmjs.org/strip-final-newline/-/strip-final-newline-2.0.0.tgz 0ms (cache hit)
2220 http cache onetime@https://registry.npmjs.org/onetime/-/onetime-5.1.2.tgz 0ms (cache hit)
2221 http cache merge-stream@https://registry.npmjs.org/merge-stream/-/merge-stream-2.0.0.tgz 0ms (cache hit)
2222 http cache p-finally@https://registry.npmjs.org/p-finally/-/p-finally-2.0.1.tgz 0ms (cache hit)
2223 http cache npm-run-path@https://registry.npmjs.org/npm-run-path/-/npm-run-path-4.0.1.tgz 0ms (cache hit)
2224 http cache @esbuild/win32-x64@https://registry.npmjs.org/@esbuild/win32-x64/-/win32-x64-0.27.0.tgz 0ms (cache hit)
2225 http cache human-signals@https://registry.npmjs.org/human-signals/-/human-signals-1.1.1.tgz 0ms (cache hit)
2226 http cache get-stream@https://registry.npmjs.org/get-stream/-/get-stream-5.2.0.tgz 0ms (cache hit)
2227 http cache is-stream@https://registry.npmjs.org/is-stream/-/is-stream-2.0.1.tgz 0ms (cache hit)
2228 http cache cross-spawn@https://registry.npmjs.org/cross-spawn/-/cross-spawn-7.0.6.tgz 0ms (cache hit)
2229 http cache signal-exit@https://registry.npmjs.org/signal-exit/-/signal-exit-4.0.2.tgz 0ms (cache hit)
2230 http cache pretty-ms@https://registry.npmjs.org/pretty-ms/-/pretty-ms-7.0.1.tgz 0ms (cache hit)
2231 http cache time-span@https://registry.npmjs.org/time-span/-/time-span-4.0.0.tgz 0ms (cache hit)
2232 http cache @edge-runtime/format@https://registry.npmjs.org/@edge-runtime/format/-/format-2.2.1.tgz 0ms (cache hit)
2233 http cache picocolors@https://registry.npmjs.org/picocolors/-/picocolors-1.0.0.tgz 0ms (cache hit)
2234 http cache mri@https://registry.npmjs.org/mri/-/mri-1.2.0.tgz 0ms (cache hit)
2235 http cache readdirp@https://registry.npmjs.org/readdirp/-/readdirp-4.1.2.tgz 0ms (cache hit)
2236 http cache @edge-runtime/ponyfill@https://registry.npmjs.org/@edge-runtime/ponyfill/-/ponyfill-2.4.2.tgz 0ms (cache hit)
2237 http cache file-uri-to-path@https://registry.npmjs.org/file-uri-to-path/-/file-uri-to-path-1.0.0.tgz 0ms (cache hit)
2238 http cache retry@https://registry.npmjs.org/retry/-/retry-0.13.1.tgz 0ms (cache hit)
2239 http cache require-from-string@https://registry.npmjs.org/require-from-string/-/require-from-string-2.0.2.tgz 0ms (cache hit)
2240 http cache uri-js@https://registry.npmjs.org/uri-js/-/uri-js-4.4.1.tgz 0ms (cache hit)
2241 http cache path-key@https://registry.npmjs.org/path-key/-/path-key-3.1.1.tgz 0ms (cache hit)
2242 http cache json-schema-traverse@https://registry.npmjs.org/json-schema-traverse/-/json-schema-traverse-1.0.0.tgz 0ms (cache hit)
2243 http cache @sinclair/typebox@https://registry.npmjs.org/@sinclair/typebox/-/typebox-0.25.24.tgz 0ms (cache hit)
2244 http cache fast-deep-equal@https://registry.npmjs.org/fast-deep-equal/-/fast-deep-equal-3.1.3.tgz 0ms (cache hit)
2245 http cache json-schema-to-ts@https://registry.npmjs.org/json-schema-to-ts/-/json-schema-to-ts-1.6.4.tgz 0ms (cache hit)
2246 http cache ajv@https://registry.npmjs.org/ajv/-/ajv-8.6.3.tgz 0ms (cache hit)
2247 http cache @vercel/gatsby-plugin-vercel-builder@https://registry.npmjs.org/@vercel/gatsby-plugin-vercel-builder/-/gatsby-plugin-vercel-builder-2.2.19.tgz 0ms (cache hit)
2248 http cache @vercel/gatsby-plugin-vercel-analytics@https://registry.npmjs.org/@vercel/gatsby-plugin-vercel-analytics/-/gatsby-plugin-vercel-analytics-1.0.11.tgz 0ms (cache hit)
2249 http cache @renovatebot/pep440@https://registry.npmjs.org/@renovatebot/pep440/-/pep440-4.2.1.tgz 0ms (cache hit)
2250 http cache web-vitals@https://registry.npmjs.org/web-vitals/-/web-vitals-0.2.4.tgz 0ms (cache hit)
2251 http cache minimatch@https://registry.npmjs.org/minimatch/-/minimatch-10.1.1.tgz 0ms (cache hit)
2252 http cache @bytecodealliance/preview2-shim@https://registry.npmjs.org/@bytecodealliance/preview2-shim/-/preview2-shim-0.17.6.tgz 0ms (cache hit)
2253 http cache typescript@https://registry.npmjs.org/typescript/-/typescript-5.9.3.tgz 0ms (cache hit)
2254 http cache js-yaml@https://registry.npmjs.org/js-yaml/-/js-yaml-4.1.1.tgz 0ms (cache hit)
2255 http cache undici-types@https://registry.npmjs.org/undici-types/-/undici-types-5.26.5.tgz 0ms (cache hit)
2256 http cache path-to-regexp-updated@https://registry.npmjs.org/path-to-regexp/-/path-to-regexp-6.3.0.tgz 0ms (cache hit)
2257 http cache etag@https://registry.npmjs.org/etag/-/etag-1.8.1.tgz 0ms (cache hit)
2258 http cache @vercel/error-utils@https://registry.npmjs.org/@vercel/error-utils/-/error-utils-2.2.0.tgz 0ms (cache hit)
2259 http cache @types/node@https://registry.npmjs.org/@types/node/-/node-20.11.0.tgz 0ms (cache hit)
2260 http cache edge-runtime@https://registry.npmjs.org/edge-runtime/-/edge-runtime-2.5.9.tgz 0ms (cache hit)
2261 http cache mime-types@https://registry.npmjs.org/mime-types/-/mime-types-2.1.35.tgz 0ms (cache hit)
2262 http cache @types/estree@https://registry.npmjs.org/@types/estree/-/estree-1.0.9.tgz 0ms (cache hit)
2263 http cache @edge-runtime/vm@https://registry.npmjs.org/@edge-runtime/vm/-/vm-3.2.0.tgz 0ms (cache hit)
2264 http cache nopt@https://registry.npmjs.org/nopt/-/nopt-8.1.0.tgz 0ms (cache hit)
2265 http cache @edge-runtime/node-utils@https://registry.npmjs.org/@edge-runtime/node-utils/-/node-utils-2.3.0.tgz 0ms (cache hit)
2266 http cache https-proxy-agent@https://registry.npmjs.org/https-proxy-agent/-/https-proxy-agent-7.0.6.tgz 0ms (cache hit)
2267 http cache @edge-runtime/primitives@https://registry.npmjs.org/@edge-runtime/primitives/-/primitives-4.1.0.tgz 0ms (cache hit)
2268 http cache detect-libc@https://registry.npmjs.org/detect-libc/-/detect-libc-2.1.2.tgz 0ms (cache hit)
2269 http cache resolve-from@https://registry.npmjs.org/resolve-from/-/resolve-from-5.0.0.tgz 0ms (cache hit)
2270 http cache consola@https://registry.npmjs.org/consola/-/consola-3.4.2.tgz 0ms (cache hit)
2271 http cache picomatch@https://registry.npmjs.org/picomatch/-/picomatch-4.0.4.tgz 0ms (cache hit)
2272 http cache node-gyp-build@https://registry.npmjs.org/node-gyp-build/-/node-gyp-build-4.8.4.tgz 0ms (cache hit)
2273 http cache graceful-fs@https://registry.npmjs.org/graceful-fs/-/graceful-fs-4.2.11.tgz 0ms (cache hit)
2274 http cache estree-walker@https://registry.npmjs.org/estree-walker/-/estree-walker-2.0.2.tgz 0ms (cache hit)
2275 http cache @rollup/pluginutils@https://registry.npmjs.org/@rollup/pluginutils/-/pluginutils-5.4.0.tgz 0ms (cache hit)
2276 http cache bindings@https://registry.npmjs.org/bindings/-/bindings-1.5.0.tgz 0ms (cache hit)
2277 http cache glob@https://registry.npmjs.org/glob/-/glob-13.0.6.tgz 0ms (cache hit)
2278 http cache async-sema@https://registry.npmjs.org/async-sema/-/async-sema-3.1.1.tgz 0ms (cache hit)
2279 http cache @mapbox/node-pre-gyp@https://registry.npmjs.org/@mapbox/node-pre-gyp/-/node-pre-gyp-2.0.3.tgz 0ms (cache hit)
2280 http cache acorn-import-attributes@https://registry.npmjs.org/acorn-import-attributes/-/acorn-import-attributes-1.9.5.tgz 0ms (cache hit)
2281 http cache uid-promise@https://registry.npmjs.org/uid-promise/-/uid-promise-1.0.0.tgz 0ms (cache hit)
2282 http cache acorn@https://registry.npmjs.org/acorn/-/acorn-8.17.0.tgz 0ms (cache hit)
2283 http cache yauzl-promise@https://registry.npmjs.org/yauzl-promise/-/yauzl-promise-2.1.3.tgz 0ms (cache hit)
2284 http cache tree-kill@https://registry.npmjs.org/tree-kill/-/tree-kill-1.2.2.tgz 0ms (cache hit)
2285 http cache tinyexec@https://registry.npmjs.org/tinyexec/-/tinyexec-0.3.2.tgz 0ms (cache hit)
2286 http cache tar@https://registry.npmjs.org/tar/-/tar-7.5.7.tgz 0ms (cache hit)
2287 http cache semver@https://registry.npmjs.org/semver/-/semver-7.5.4.tgz 0ms (cache hit)
2288 http cache stat-mode@https://registry.npmjs.org/stat-mode/-/stat-mode-0.3.0.tgz 0ms (cache hit)
2289 http cache stream-to-promise@https://registry.npmjs.org/stream-to-promise/-/stream-to-promise-2.2.0.tgz 0ms (cache hit)
2290 http cache promisepipe@https://registry.npmjs.org/promisepipe/-/promisepipe-3.0.0.tgz 0ms (cache hit)
2291 http cache node-fetch@https://registry.npmjs.org/node-fetch/-/node-fetch-2.6.7.tgz 0ms (cache hit)
2292 http cache ms@https://registry.npmjs.org/ms/-/ms-2.1.1.tgz 0ms (cache hit)
2293 http cache @tootallnate/once@https://registry.npmjs.org/@tootallnate/once/-/once-2.0.0.tgz 0ms (cache hit)
2294 http cache @vercel/cervel@https://registry.npmjs.org/@vercel/cervel/-/cervel-0.1.22.tgz 0ms (cache hit)
2295 http cache generic-pool@https://registry.npmjs.org/generic-pool/-/generic-pool-3.4.2.tgz 0ms (cache hit)
2296 http cache micro@https://registry.npmjs.org/micro/-/micro-9.3.5-canary.3.tgz 0ms (cache hit)
2297 http cache debug@https://registry.npmjs.org/debug/-/debug-4.3.4.tgz 0ms (cache hit)
2298 http cache @napi-rs/keyring-win32-x64-msvc@https://registry.npmjs.org/@napi-rs/keyring-win32-x64-msvc/-/keyring-win32-x64-msvc-1.2.0.tgz 0ms (cache hit)
2299 http cache @vercel/static-config@https://registry.npmjs.org/@vercel/static-config/-/static-config-3.4.0.tgz 0ms (cache hit)
2300 http cache ts-morph@https://registry.npmjs.org/ts-morph/-/ts-morph-12.0.0.tgz 0ms (cache hit)
2301 http cache xdg-app-paths@https://registry.npmjs.org/xdg-app-paths/-/xdg-app-paths-5.5.1.tgz 0ms (cache hit)
2302 http cache open@https://registry.npmjs.org/open/-/open-8.4.0.tgz 0ms (cache hit)
2303 http cache es-module-lexer@https://registry.npmjs.org/es-module-lexer/-/es-module-lexer-1.5.0.tgz 0ms (cache hit)
2304 http cache async-listen@https://registry.npmjs.org/async-listen/-/async-listen-3.0.0.tgz 0ms (cache hit)
2305 http cache @vercel/python-analysis@https://registry.npmjs.org/@vercel/python-analysis/-/python-analysis-0.11.1.tgz 0ms (cache hit)
2306 http cache cjs-module-lexer@https://registry.npmjs.org/cjs-module-lexer/-/cjs-module-lexer-1.2.3.tgz 0ms (cache hit)
2307 http cache @napi-rs/keyring@https://registry.npmjs.org/@napi-rs/keyring/-/keyring-1.2.0.tgz 0ms (cache hit)
2308 http cache throttleit@https://registry.npmjs.org/throttleit/-/throttleit-2.1.0.tgz 0ms (cache hit)
2309 http cache undici@https://registry.npmjs.org/undici/-/undici-6.27.0.tgz 0ms (cache hit)
2310 http cache is-node-process@https://registry.npmjs.org/is-node-process/-/is-node-process-1.2.0.tgz 0ms (cache hit)
2311 http cache rolldown@https://registry.npmjs.org/rolldown/-/rolldown-1.0.0-rc.1.tgz 0ms (cache hit)
2312 http cache is-buffer@https://registry.npmjs.org/is-buffer/-/is-buffer-2.0.5.tgz 0ms (cache hit)
2313 http cache srvx@https://registry.npmjs.org/srvx/-/srvx-0.8.9.tgz 0ms (cache hit)
2314 http cache tsx@https://registry.npmjs.org/tsx/-/tsx-4.21.0.tgz 0ms (cache hit)
2315 http cache resolve.exports@https://registry.npmjs.org/resolve.exports/-/resolve.exports-2.0.3.tgz 0ms (cache hit)
2316 http cache async-retry@https://registry.npmjs.org/async-retry/-/async-retry-1.3.3.tgz 0ms (cache hit)
2317 http cache oxc-transform@https://registry.npmjs.org/oxc-transform/-/oxc-transform-0.111.0.tgz 0ms (cache hit)
2318 http cache get-port@https://registry.npmjs.org/get-port/-/get-port-5.1.1.tgz 0ms (cache hit)
2319 http cache path-to-regexp@https://registry.npmjs.org/path-to-regexp/-/path-to-regexp-8.3.0.tgz 0ms (cache hit)
2320 http cache fs-extra@https://registry.npmjs.org/fs-extra/-/fs-extra-11.1.0.tgz 0ms (cache hit)
2321 http cache @vercel/nft@https://registry.npmjs.org/@vercel/nft/-/nft-1.10.0.tgz 0ms (cache hit)
2322 http cache smol-toml@https://registry.npmjs.org/smol-toml/-/smol-toml-1.5.2.tgz 0ms (cache hit)
2323 http cache execa@https://registry.npmjs.org/execa/-/execa-3.2.0.tgz 0ms (cache hit)
2324 http cache sandbox@https://registry.npmjs.org/sandbox/-/sandbox-3.1.2.tgz 0ms (cache hit)
2325 http cache proxy-agent@https://registry.npmjs.org/proxy-agent/-/proxy-agent-6.4.0.tgz 0ms (cache hit)
2326 http cache jose@https://registry.npmjs.org/jose/-/jose-5.9.6.tgz 0ms (cache hit)
2327 http cache @vercel/rust@https://registry.npmjs.org/@vercel/rust/-/rust-1.3.0.tgz 0ms (cache hit)
2328 http cache luxon@https://registry.npmjs.org/luxon/-/luxon-3.7.2.tgz 0ms (cache hit)
2329 http cache zod@https://registry.npmjs.org/zod/-/zod-4.1.11.tgz 0ms (cache hit)
2330 http cache form-data@https://registry.npmjs.org/form-data/-/form-data-4.0.6.tgz 0ms (cache hit)
2331 http cache chokidar@https://registry.npmjs.org/chokidar/-/chokidar-4.0.0.tgz 0ms (cache hit)
2332 http cache esbuild@https://registry.npmjs.org/esbuild/-/esbuild-0.27.0.tgz 0ms (cache hit)
2333 http cache @vercel/remix-builder@https://registry.npmjs.org/@vercel/remix-builder/-/remix-builder-5.9.1.tgz 0ms (cache hit)
2334 http cache @vercel/ruby@https://registry.npmjs.org/@vercel/ruby/-/ruby-2.4.0.tgz 0ms (cache hit)
2335 http cache @vercel/redwood@https://registry.npmjs.org/@vercel/redwood/-/redwood-2.5.0.tgz 0ms (cache hit)
2336 http cache @vercel/python@https://registry.npmjs.org/@vercel/python/-/python-6.45.0.tgz 0ms (cache hit)
2337 http cache @vercel/static-build@https://registry.npmjs.org/@vercel/static-build/-/static-build-2.10.3.tgz 0ms (cache hit)
2338 http cache @vercel/next@https://registry.npmjs.org/@vercel/next/-/next-4.19.0.tgz 0ms (cache hit)
2339 http cache @vercel/node@https://registry.npmjs.org/@vercel/node/-/node-5.8.17.tgz 0ms (cache hit)
2340 http cache @vercel/nestjs@https://registry.npmjs.org/@vercel/nestjs/-/nestjs-0.2.97.tgz 0ms (cache hit)
2341 http cache @vercel/hydrogen@https://registry.npmjs.org/@vercel/hydrogen/-/hydrogen-1.4.0.tgz 0ms (cache hit)
2342 http cache @vercel/koa@https://registry.npmjs.org/@vercel/koa/-/koa-0.1.76.tgz 0ms (cache hit)
2343 http cache @vercel/h3@https://registry.npmjs.org/@vercel/h3/-/h3-0.1.102.tgz 0ms (cache hit)
2344 http cache @vercel/go@https://registry.npmjs.org/@vercel/go/-/go-3.9.0.tgz 0ms (cache hit)
2345 http cache @vercel/fastify@https://registry.npmjs.org/@vercel/fastify/-/fastify-0.1.96.tgz 0ms (cache hit)
2346 http cache @vercel/fun@https://registry.npmjs.org/@vercel/fun/-/fun-1.3.0.tgz 0ms (cache hit)
2347 http cache @vercel/prepare-flags-definitions@https://registry.npmjs.org/@vercel/prepare-flags-definitions/-/prepare-flags-definitions-0.3.0.tgz 0ms (cache hit)
2348 http cache @vercel/hono@https://registry.npmjs.org/@vercel/hono/-/hono-0.2.96.tgz 0ms (cache hit)
2349 http cache @vercel/detect-agent@https://registry.npmjs.org/@vercel/detect-agent/-/detect-agent-1.2.3.tgz 0ms (cache hit)
2350 http cache @vercel/cli-auth@https://registry.npmjs.org/@vercel/cli-auth/-/cli-auth-0.3.0.tgz 0ms (cache hit)
2351 http cache @vercel/elysia@https://registry.npmjs.org/@vercel/elysia/-/elysia-0.1.93.tgz 0ms (cache hit)
2352 http cache @vercel/cli-config@https://registry.npmjs.org/@vercel/cli-config/-/cli-config-0.2.0.tgz 0ms (cache hit)
2353 http cache zod@https://registry.npmjs.org/zod/-/zod-3.24.4.tgz 0ms (cache hit)
2354 http cache vercel@https://registry.npmjs.org/vercel/-/vercel-54.14.0.tgz 0ms (cache hit)
2355 http cache @vercel/build-utils@https://registry.npmjs.org/@vercel/build-utils/-/build-utils-13.30.0.tgz 0ms (cache hit)
2356 http cache picomatch@https://registry.npmjs.org/picomatch/-/picomatch-2.3.2.tgz 0ms (cache hit)
2357 http cache @vercel/express@https://registry.npmjs.org/@vercel/express/-/express-0.1.105.tgz 0ms (cache hit)
2358 http cache minimatch@https://registry.npmjs.org/minimatch/-/minimatch-3.1.5.tgz 0ms (cache hit)
2359 http cache @vercel/backends@https://registry.npmjs.org/@vercel/backends/-/backends-0.8.14.tgz 0ms (cache hit)
2360 http cache @vercel/blob@https://registry.npmjs.org/@vercel/blob/-/blob-2.4.0.tgz 0ms (cache hit)
2361 http cache async-listen@https://registry.npmjs.org/async-listen/-/async-listen-3.0.1.tgz 0ms (cache hit)
2362 http cache undici@https://registry.npmjs.org/undici/-/undici-7.28.0.tgz 0ms (cache hit)
2363 http cache jose@https://registry.npmjs.org/jose/-/jose-6.2.3.tgz 0ms (cache hit)
2364 http cache xdg-app-paths@https://registry.npmjs.org/xdg-app-paths/-/xdg-app-paths-5.1.0.tgz 0ms (cache hit)
2365 http cache ms@https://registry.npmjs.org/ms/-/ms-2.1.3.tgz 0ms (cache hit)
2366 http cache minimatch@https://registry.npmjs.org/minimatch/-/minimatch-10.2.5.tgz 0ms (cache hit)
2367 http cache balanced-match@https://registry.npmjs.org/balanced-match/-/balanced-match-4.0.4.tgz 0ms (cache hit)
2368 http cache picocolors@https://registry.npmjs.org/picocolors/-/picocolors-1.1.1.tgz 0ms (cache hit)
2369 http cache once@https://registry.npmjs.org/once/-/once-1.3.3.tgz 0ms (cache hit)
2370 http cache end-of-stream@https://registry.npmjs.org/end-of-stream/-/end-of-stream-1.1.0.tgz 0ms (cache hit)
2371 http cache lru-cache@https://registry.npmjs.org/lru-cache/-/lru-cache-6.0.0.tgz 0ms (cache hit)
2372 http cache brace-expansion@https://registry.npmjs.org/brace-expansion/-/brace-expansion-5.0.6.tgz 0ms (cache hit)
2373 http cache yallist@https://registry.npmjs.org/yallist/-/yallist-4.0.0.tgz 0ms (cache hit)
2374 http cache signal-exit@https://registry.npmjs.org/signal-exit/-/signal-exit-3.0.7.tgz 0ms (cache hit)
2375 http cache ms@https://registry.npmjs.org/ms/-/ms-2.1.2.tgz 0ms (cache hit)
2376 http cache zod@https://registry.npmjs.org/zod/-/zod-3.22.4.tgz 0ms (cache hit)
2377 http cache lru-cache@https://registry.npmjs.org/lru-cache/-/lru-cache-7.18.3.tgz 0ms (cache hit)
2378 http cache ms@https://registry.npmjs.org/ms/-/ms-2.1.3.tgz 0ms (cache hit)
2379 http cache fs-extra@https://registry.npmjs.org/fs-extra/-/fs-extra-11.1.1.tgz 0ms (cache hit)
2380 http cache signal-exit@https://registry.npmjs.org/signal-exit/-/signal-exit-3.0.7.tgz 0ms (cache hit)
2381 http cache path-to-regexp@https://registry.npmjs.org/path-to-regexp/-/path-to-regexp-6.1.0.tgz 0ms (cache hit)
2382 http cache debug@https://registry.npmjs.org/debug/-/debug-4.4.3.tgz 0ms (cache hit)
2383 http cache human-signals@https://registry.npmjs.org/human-signals/-/human-signals-2.1.0.tgz 0ms (cache hit)
2384 http cache get-stream@https://registry.npmjs.org/get-stream/-/get-stream-6.0.1.tgz 0ms (cache hit)
2385 http cache path-to-regexp@https://registry.npmjs.org/path-to-regexp/-/path-to-regexp-6.1.0.tgz 0ms (cache hit)
2386 http cache execa@https://registry.npmjs.org/execa/-/execa-5.1.1.tgz 0ms (cache hit)
2387 http cache semver@https://registry.npmjs.org/semver/-/semver-6.3.1.tgz 0ms (cache hit)
2388 http cache undici@https://registry.npmjs.org/undici/-/undici-5.28.4.tgz 0ms (cache hit)
2389 http cache zod@https://registry.npmjs.org/zod/-/zod-3.22.4.tgz 0ms (cache hit)
2390 http cache es-module-lexer@https://registry.npmjs.org/es-module-lexer/-/es-module-lexer-1.4.1.tgz 0ms (cache hit)
2391 http cache zod@https://registry.npmjs.org/zod/-/zod-3.22.4.tgz 0ms (cache hit)
2392 http cache xdg-app-paths@https://registry.npmjs.org/xdg-app-paths/-/xdg-app-paths-5.1.0.tgz 0ms (cache hit)
2393 http cache node-fetch@https://registry.npmjs.org/node-fetch/-/node-fetch-2.6.9.tgz 0ms (cache hit)
2394 silly tarball no local data for @fastify/busboy@https://registry.npmjs.org/@fastify/busboy/-/busboy-2.1.1.tgz. Extracting by manifest.
2395 silly tarball no local data for balanced-match@https://registry.npmjs.org/balanced-match/-/balanced-match-1.0.2.tgz. Extracting by manifest.
2396 silly tarball no local data for concat-map@https://registry.npmjs.org/concat-map/-/concat-map-0.0.1.tgz. Extracting by manifest.
2397 silly tarball no local data for brace-expansion@https://registry.npmjs.org/brace-expansion/-/brace-expansion-1.1.15.tgz. Extracting by manifest.
2398 silly tarball no local data for events-intercept@https://registry.npmjs.org/events-intercept/-/events-intercept-2.0.0.tgz. Extracting by manifest.
2399 http cache async-listen@https://registry.npmjs.org/async-listen/-/async-listen-1.2.0.tgz 0ms (cache hit)
2400 silly tarball no local data for fd-slicer@https://registry.npmjs.org/fd-slicer/-/fd-slicer-1.1.0.tgz. Extracting by manifest.
2401 silly tarball no local data for pend@https://registry.npmjs.org/pend/-/pend-1.2.0.tgz. Extracting by manifest.
2402 http cache zod@https://registry.npmjs.org/zod/-/zod-3.22.4.tgz 0ms (cache hit)
2403 silly tarball no local data for yauzl-clone@https://registry.npmjs.org/yauzl-clone/-/yauzl-clone-1.0.4.tgz. Extracting by manifest.
2404 silly tarball no local data for buffer-crc32@https://registry.npmjs.org/buffer-crc32/-/buffer-crc32-0.2.13.tgz. Extracting by manifest.
2405 silly tarball no local data for yauzl@https://registry.npmjs.org/yauzl/-/yauzl-2.10.0.tgz. Extracting by manifest.
2406 silly tarball no local data for xdg-portable@https://registry.npmjs.org/xdg-portable/-/xdg-portable-7.3.0.tgz. Extracting by manifest.
2407 silly tarball no local data for isexe@https://registry.npmjs.org/isexe/-/isexe-2.0.0.tgz. Extracting by manifest.
2408 silly tarball no local data for os-paths@https://registry.npmjs.org/os-paths/-/os-paths-4.4.0.tgz. Extracting by manifest.
2409 silly tarball no local data for tr46@https://registry.npmjs.org/tr46/-/tr46-0.0.3.tgz. Extracting by manifest.
2410 http cache path-to-regexp@https://registry.npmjs.org/path-to-regexp/-/path-to-regexp-8.2.0.tgz 0ms (cache hit)
2411 silly tarball no local data for resolve-pkg-maps@https://registry.npmjs.org/resolve-pkg-maps/-/resolve-pkg-maps-1.0.0.tgz. Extracting by manifest.
2412 silly tarball no local data for webidl-conversions@https://registry.npmjs.org/webidl-conversions/-/webidl-conversions-3.0.1.tgz. Extracting by manifest.
2413 silly tarball no local data for get-tsconfig@https://registry.npmjs.org/get-tsconfig/-/get-tsconfig-4.14.0.tgz. Extracting by manifest.
2414 silly tarball no local data for queue-microtask@https://registry.npmjs.org/queue-microtask/-/queue-microtask-1.2.3.tgz. Extracting by manifest.
2415 silly tarball no local data for to-regex-range@https://registry.npmjs.org/to-regex-range/-/to-regex-range-5.0.1.tgz. Extracting by manifest.
2416 silly tarball no local data for fill-range@https://registry.npmjs.org/fill-range/-/fill-range-7.1.1.tgz. Extracting by manifest.
2417 silly tarball no local data for braces@https://registry.npmjs.org/braces/-/braces-3.0.3.tgz. Extracting by manifest.
2418 silly tarball no local data for is-number@https://registry.npmjs.org/is-number/-/is-number-7.0.0.tgz. Extracting by manifest.
2419 silly tarball no local data for punycode@https://registry.npmjs.org/punycode/-/punycode-2.3.1.tgz. Extracting by manifest.
2420 silly tarball no local data for is-glob@https://registry.npmjs.org/is-glob/-/is-glob-4.0.3.tgz. Extracting by manifest.
2421 silly tarball no local data for is-extglob@https://registry.npmjs.org/is-extglob/-/is-extglob-2.1.1.tgz. Extracting by manifest.
2422 silly tarball no local data for reusify@https://registry.npmjs.org/reusify/-/reusify-1.1.0.tgz. Extracting by manifest.
2423 silly tarball no local data for run-parallel@https://registry.npmjs.org/run-parallel/-/run-parallel-1.2.0.tgz. Extracting by manifest.
2424 silly tarball no local data for @nodelib/fs.scandir@https://registry.npmjs.org/@nodelib/fs.scandir/-/fs.scandir-2.1.5.tgz. Extracting by manifest.
2425 silly tarball no local data for merge2@https://registry.npmjs.org/merge2/-/merge2-1.4.1.tgz. Extracting by manifest.
2426 silly tarball no local data for micromatch@https://registry.npmjs.org/micromatch/-/micromatch-4.0.8.tgz. Extracting by manifest.
2427 silly tarball no local data for fastq@https://registry.npmjs.org/fastq/-/fastq-1.20.1.tgz. Extracting by manifest.
2428 silly tarball no local data for @nodelib/fs.walk@https://registry.npmjs.org/@nodelib/fs.walk/-/fs.walk-1.2.8.tgz. Extracting by manifest.
2429 silly tarball no local data for glob-parent@https://registry.npmjs.org/glob-parent/-/glob-parent-5.1.2.tgz. Extracting by manifest.
2430 silly tarball no local data for @nodelib/fs.stat@https://registry.npmjs.org/@nodelib/fs.stat/-/fs.stat-2.0.5.tgz. Extracting by manifest.
2431 silly tarball no local data for path-browserify@https://registry.npmjs.org/path-browserify/-/path-browserify-1.0.1.tgz. Extracting by manifest.
2432 silly tarball no local data for fast-glob@https://registry.npmjs.org/fast-glob/-/fast-glob-3.3.3.tgz. Extracting by manifest.
2433 silly tarball no local data for code-block-writer@https://registry.npmjs.org/code-block-writer/-/code-block-writer-10.1.1.tgz. Extracting by manifest.
2434 silly tarball no local data for mkdirp@https://registry.npmjs.org/mkdirp/-/mkdirp-1.0.4.tgz. Extracting by manifest.
2435 silly tarball no local data for convert-hrtime@https://registry.npmjs.org/convert-hrtime/-/convert-hrtime-3.0.0.tgz. Extracting by manifest.
2436 silly tarball no local data for text-decoder@https://registry.npmjs.org/text-decoder/-/text-decoder-1.2.7.tgz. Extracting by manifest.
2437 silly tarball no local data for events-universal@https://registry.npmjs.org/events-universal/-/events-universal-1.0.1.tgz. Extracting by manifest.
2438 silly tarball no local data for bare-events@https://registry.npmjs.org/bare-events/-/bare-events-2.9.1.tgz. Extracting by manifest.
2439 silly tarball no local data for @ts-morph/common@https://registry.npmjs.org/@ts-morph/common/-/common-0.11.1.tgz. Extracting by manifest.
2440 silly tarball no local data for streamx@https://registry.npmjs.org/streamx/-/streamx-2.28.0.tgz. Extracting by manifest.
2441 silly tarball no local data for yallist@https://registry.npmjs.org/yallist/-/yallist-5.0.0.tgz. Extracting by manifest.
2442 silly tarball no local data for minizlib@https://registry.npmjs.org/minizlib/-/minizlib-3.1.0.tgz. Extracting by manifest.
2443 silly tarball no local data for fast-fifo@https://registry.npmjs.org/fast-fifo/-/fast-fifo-1.3.2.tgz. Extracting by manifest.
2444 silly tarball no local data for @isaacs/fs-minipass@https://registry.npmjs.org/@isaacs/fs-minipass/-/fs-minipass-4.0.1.tgz. Extracting by manifest.
2445 silly tarball no local data for chownr@https://registry.npmjs.org/chownr/-/chownr-3.0.0.tgz. Extracting by manifest.
2446 silly tarball no local data for stream-to-array@https://registry.npmjs.org/stream-to-array/-/stream-to-array-2.3.0.tgz. Extracting by manifest.
2447 silly tarball no local data for any-promise@https://registry.npmjs.org/any-promise/-/any-promise-1.3.0.tgz. Extracting by manifest.
2448 silly tarball no local data for b4a@https://registry.npmjs.org/b4a/-/b4a-1.8.1.tgz. Extracting by manifest.
2449 silly tarball no local data for cookie-es@https://registry.npmjs.org/cookie-es/-/cookie-es-2.0.1.tgz. Extracting by manifest.
2450 silly tarball no local data for smart-buffer@https://registry.npmjs.org/smart-buffer/-/smart-buffer-4.2.0.tgz. Extracting by manifest.
2451 silly tarball no local data for ip-address@https://registry.npmjs.org/ip-address/-/ip-address-10.2.0.tgz. Extracting by manifest.
2452 silly tarball no local data for shebang-regex@https://registry.npmjs.org/shebang-regex/-/shebang-regex-3.0.0.tgz. Extracting by manifest.
2453 silly tarball no local data for tar-stream@https://registry.npmjs.org/tar-stream/-/tar-stream-3.1.7.tgz. Extracting by manifest.
2454 silly tarball no local data for @vercel/oidc@https://registry.npmjs.org/@vercel/oidc/-/oidc-3.2.0.tgz. Extracting by manifest.
2455 silly tarball no local data for socks@https://registry.npmjs.org/socks/-/socks-2.8.9.tgz. Extracting by manifest.
2456 silly tarball no local data for @workflow/serde@https://registry.npmjs.org/@workflow/serde/-/serde-4.1.0-beta.2.tgz. Extracting by manifest.
2457 silly tarball no local data for jsonlines@https://registry.npmjs.org/jsonlines/-/jsonlines-0.1.1.tgz. Extracting by manifest.
2458 silly tarball no local data for @vercel/sandbox@https://registry.npmjs.org/@vercel/sandbox/-/sandbox-2.1.1.tgz. Extracting by manifest.
2459 silly tarball no local data for @oxc-project/types@https://registry.npmjs.org/@oxc-project/types/-/types-0.110.0.tgz. Extracting by manifest.
2460 silly tarball no local data for toidentifier@https://registry.npmjs.org/toidentifier/-/toidentifier-1.0.0.tgz. Extracting by manifest.
2461 silly tarball no local data for @rolldown/pluginutils@https://registry.npmjs.org/@rolldown/pluginutils/-/pluginutils-1.0.0-rc.1.tgz. Extracting by manifest.
2462 silly tarball no local data for safer-buffer@https://registry.npmjs.org/safer-buffer/-/safer-buffer-2.1.2.tgz. Extracting by manifest.
2463 silly tarball no local data for setprototypeof@https://registry.npmjs.org/setprototypeof/-/setprototypeof-1.1.1.tgz. Extracting by manifest.
2464 silly tarball no local data for statuses@https://registry.npmjs.org/statuses/-/statuses-1.5.0.tgz. Extracting by manifest.
2465 silly tarball no local data for inherits@https://registry.npmjs.org/inherits/-/inherits-2.0.4.tgz. Extracting by manifest.
2466 silly tarball no local data for depd@https://registry.npmjs.org/depd/-/depd-1.1.2.tgz. Extracting by manifest.
2467 silly tarball no local data for http-errors@https://registry.npmjs.org/http-errors/-/http-errors-1.7.3.tgz. Extracting by manifest.
2468 silly tarball no local data for wrappy@https://registry.npmjs.org/wrappy/-/wrappy-1.0.2.tgz. Extracting by manifest.
2469 silly tarball no local data for @rolldown/binding-win32-x64-msvc@https://registry.npmjs.org/@rolldown/binding-win32-x64-msvc/-/binding-win32-x64-msvc-1.0.0-rc.1.tgz. Extracting by manifest.
2470 silly tarball no local data for iconv-lite@https://registry.npmjs.org/iconv-lite/-/iconv-lite-0.4.24.tgz. Extracting by manifest.
2471 silly tarball no local data for once@https://registry.npmjs.org/once/-/once-1.4.0.tgz. Extracting by manifest.
2472 silly tarball no local data for bytes@https://registry.npmjs.org/bytes/-/bytes-3.1.0.tgz. Extracting by manifest.
2473 silly tarball no local data for end-of-stream@https://registry.npmjs.org/end-of-stream/-/end-of-stream-1.4.5.tgz. Extracting by manifest.
2474 silly tarball no local data for escodegen@https://registry.npmjs.org/escodegen/-/escodegen-2.1.0.tgz. Extracting by manifest.
2475 silly tarball no local data for unpipe@https://registry.npmjs.org/unpipe/-/unpipe-1.0.0.tgz. Extracting by manifest.
2476 silly tarball no local data for estraverse@https://registry.npmjs.org/estraverse/-/estraverse-5.3.0.tgz. Extracting by manifest.
2477 silly tarball no local data for source-map@https://registry.npmjs.org/source-map/-/source-map-0.6.1.tgz. Extracting by manifest.
2478 silly tarball no local data for esutils@https://registry.npmjs.org/esutils/-/esutils-2.0.3.tgz. Extracting by manifest.
2479 silly tarball no local data for esprima@https://registry.npmjs.org/esprima/-/esprima-4.0.1.tgz. Extracting by manifest.
2480 silly tarball no local data for data-uri-to-buffer@https://registry.npmjs.org/data-uri-to-buffer/-/data-uri-to-buffer-6.0.2.tgz. Extracting by manifest.
2481 silly tarball no local data for degenerator@https://registry.npmjs.org/degenerator/-/degenerator-5.0.1.tgz. Extracting by manifest.
2482 silly tarball no local data for ast-types@https://registry.npmjs.org/ast-types/-/ast-types-0.13.4.tgz. Extracting by manifest.
2483 silly tarball no local data for netmask@https://registry.npmjs.org/netmask/-/netmask-2.1.1.tgz. Extracting by manifest.
2484 silly tarball no local data for @tootallnate/quickjs-emscripten@https://registry.npmjs.org/@tootallnate/quickjs-emscripten/-/quickjs-emscripten-0.23.0.tgz. Extracting by manifest.
2485 silly tarball no local data for basic-ftp@https://registry.npmjs.org/basic-ftp/-/basic-ftp-5.3.1.tgz. Extracting by manifest.
2486 silly tarball no local data for pac-resolver@https://registry.npmjs.org/pac-resolver/-/pac-resolver-7.0.1.tgz. Extracting by manifest.
2487 silly tarball no local data for proxy-from-env@https://registry.npmjs.org/proxy-from-env/-/proxy-from-env-1.1.0.tgz. Extracting by manifest.
2488 silly tarball no local data for parse-ms@https://registry.npmjs.org/parse-ms/-/parse-ms-2.1.0.tgz. Extracting by manifest.
2489 silly tarball no local data for http-proxy-agent@https://registry.npmjs.org/http-proxy-agent/-/http-proxy-agent-7.0.2.tgz. Extracting by manifest.
2490 silly tarball no local data for get-uri@https://registry.npmjs.org/get-uri/-/get-uri-6.0.5.tgz. Extracting by manifest.
2491 silly tarball no local data for socks-proxy-agent@https://registry.npmjs.org/socks-proxy-agent/-/socks-proxy-agent-8.0.5.tgz. Extracting by manifest.
2492 silly tarball no local data for @tybys/wasm-util@https://registry.npmjs.org/@tybys/wasm-util/-/wasm-util-0.10.2.tgz. Extracting by manifest.
2493 silly tarball no local data for lru-cache@https://registry.npmjs.org/lru-cache/-/lru-cache-11.5.1.tgz. Extracting by manifest.
2494 silly tarball no local data for pac-proxy-agent@https://registry.npmjs.org/pac-proxy-agent/-/pac-proxy-agent-7.2.0.tgz. Extracting by manifest.
2495 silly tarball no local data for @emnapi/wasi-threads@https://registry.npmjs.org/@emnapi/wasi-threads/-/wasi-threads-1.2.2.tgz. Extracting by manifest.
2496 silly tarball no local data for tslib@https://registry.npmjs.org/tslib/-/tslib-2.8.1.tgz. Extracting by manifest.
2497 silly tarball no local data for @napi-rs/wasm-runtime@https://registry.npmjs.org/@napi-rs/wasm-runtime/-/wasm-runtime-1.1.5.tgz. Extracting by manifest.
2498 silly tarball no local data for @oxc-transform/binding-win32-x64-msvc@https://registry.npmjs.org/@oxc-transform/binding-win32-x64-msvc/-/binding-win32-x64-msvc-0.111.0.tgz. Extracting by manifest.
2499 silly tarball no local data for @emnapi/core@https://registry.npmjs.org/@emnapi/core/-/core-1.11.1.tgz. Extracting by manifest.
2500 silly tarball no local data for define-lazy-prop@https://registry.npmjs.org/define-lazy-prop/-/define-lazy-prop-2.0.0.tgz. Extracting by manifest.
2501 silly tarball no local data for is-docker@https://registry.npmjs.org/is-docker/-/is-docker-2.2.1.tgz. Extracting by manifest.
2502 silly tarball no local data for @emnapi/runtime@https://registry.npmjs.org/@emnapi/runtime/-/runtime-1.11.1.tgz. Extracting by manifest.
2503 silly tarball no local data for is-wsl@https://registry.npmjs.org/is-wsl/-/is-wsl-2.2.0.tgz. Extracting by manifest.
2504 silly tarball no local data for whatwg-url@https://registry.npmjs.org/whatwg-url/-/whatwg-url-5.0.0.tgz. Extracting by manifest.
2505 silly tarball no local data for mimic-fn@https://registry.npmjs.org/mimic-fn/-/mimic-fn-2.1.0.tgz. Extracting by manifest.
2506 silly tarball no local data for abbrev@https://registry.npmjs.org/abbrev/-/abbrev-3.0.1.tgz. Extracting by manifest.
2507 silly tarball no local data for @isaacs/brace-expansion@https://registry.npmjs.org/@isaacs/brace-expansion/-/brace-expansion-5.0.1.tgz. Extracting by manifest.
2508 silly tarball no local data for @isaacs/balanced-match@https://registry.npmjs.org/@isaacs/balanced-match/-/balanced-match-4.0.1.tgz. Extracting by manifest.
2509 silly tarball no local data for mime-db@https://registry.npmjs.org/mime-db/-/mime-db-1.52.0.tgz. Extracting by manifest.
2510 silly tarball no local data for @types/json-schema@https://registry.npmjs.org/@types/json-schema/-/json-schema-7.0.15.tgz. Extracting by manifest.
2511 silly tarball no local data for raw-body@https://registry.npmjs.org/raw-body/-/raw-body-2.4.1.tgz. Extracting by manifest.
2512 silly tarball no local data for arg@https://registry.npmjs.org/arg/-/arg-4.1.0.tgz. Extracting by manifest.
2513 silly tarball no local data for content-type@https://registry.npmjs.org/content-type/-/content-type-1.0.4.tgz. Extracting by manifest.
2514 silly tarball no local data for argparse@https://registry.npmjs.org/argparse/-/argparse-2.0.1.tgz. Extracting by manifest.
2515 silly tarball no local data for ts-toolbelt@https://registry.npmjs.org/ts-toolbelt/-/ts-toolbelt-6.15.5.tgz. Extracting by manifest.
2516 silly tarball no local data for agent-base@https://registry.npmjs.org/agent-base/-/agent-base-7.1.4.tgz. Extracting by manifest.
2517 silly tarball no local data for dunder-proto@https://registry.npmjs.org/dunder-proto/-/dunder-proto-1.0.1.tgz. Extracting by manifest.
2518 silly tarball no local data for pump@https://registry.npmjs.org/pump/-/pump-3.0.4.tgz. Extracting by manifest.
2519 silly tarball no local data for path-scurry@https://registry.npmjs.org/path-scurry/-/path-scurry-2.0.2.tgz. Extracting by manifest.
2520 silly tarball no local data for minipass@https://registry.npmjs.org/minipass/-/minipass-7.1.3.tgz. Extracting by manifest.
2521 silly tarball no local data for has-symbols@https://registry.npmjs.org/has-symbols/-/has-symbols-1.1.0.tgz. Extracting by manifest.
2522 silly tarball no local data for math-intrinsics@https://registry.npmjs.org/math-intrinsics/-/math-intrinsics-1.1.0.tgz. Extracting by manifest.
2523 silly tarball no local data for get-proto@https://registry.npmjs.org/get-proto/-/get-proto-1.0.1.tgz. Extracting by manifest.
2524 silly tarball no local data for gopd@https://registry.npmjs.org/gopd/-/gopd-1.2.0.tgz. Extracting by manifest.
2525 silly tarball no local data for es-object-atoms@https://registry.npmjs.org/es-object-atoms/-/es-object-atoms-1.1.2.tgz. Extracting by manifest.
2526 silly tarball no local data for function-bind@https://registry.npmjs.org/function-bind/-/function-bind-1.1.2.tgz. Extracting by manifest.
2527 silly tarball no local data for es-define-property@https://registry.npmjs.org/es-define-property/-/es-define-property-1.0.1.tgz. Extracting by manifest.
2528 silly tarball no local data for universalify@https://registry.npmjs.org/universalify/-/universalify-2.0.1.tgz. Extracting by manifest.
2529 silly tarball no local data for call-bind-apply-helpers@https://registry.npmjs.org/call-bind-apply-helpers/-/call-bind-apply-helpers-1.0.2.tgz. Extracting by manifest.
2530 silly tarball no local data for get-intrinsic@https://registry.npmjs.org/get-intrinsic/-/get-intrinsic-1.3.0.tgz. Extracting by manifest.
2531 silly tarball no local data for has-tostringtag@https://registry.npmjs.org/has-tostringtag/-/has-tostringtag-1.0.2.tgz. Extracting by manifest.
2532 silly tarball no local data for delayed-stream@https://registry.npmjs.org/delayed-stream/-/delayed-stream-1.0.0.tgz. Extracting by manifest.
2533 silly tarball no local data for jsonfile@https://registry.npmjs.org/jsonfile/-/jsonfile-6.2.1.tgz. Extracting by manifest.
2534 silly tarball no local data for es-errors@https://registry.npmjs.org/es-errors/-/es-errors-1.3.0.tgz. Extracting by manifest.
2535 silly tarball no local data for hasown@https://registry.npmjs.org/hasown/-/hasown-2.0.4.tgz. Extracting by manifest.
2536 silly tarball no local data for es-set-tostringtag@https://registry.npmjs.org/es-set-tostringtag/-/es-set-tostringtag-2.1.0.tgz. Extracting by manifest.
2537 silly tarball no local data for combined-stream@https://registry.npmjs.org/combined-stream/-/combined-stream-1.0.8.tgz. Extracting by manifest.
2538 silly tarball no local data for which@https://registry.npmjs.org/which/-/which-2.0.2.tgz. Extracting by manifest.
2539 silly tarball no local data for asynckit@https://registry.npmjs.org/asynckit/-/asynckit-0.4.0.tgz. Extracting by manifest.
2540 silly tarball no local data for shebang-command@https://registry.npmjs.org/shebang-command/-/shebang-command-2.0.0.tgz. Extracting by manifest.
2541 silly tarball no local data for strip-final-newline@https://registry.npmjs.org/strip-final-newline/-/strip-final-newline-2.0.0.tgz. Extracting by manifest.
2542 silly tarball no local data for onetime@https://registry.npmjs.org/onetime/-/onetime-5.1.2.tgz. Extracting by manifest.
2543 silly tarball no local data for merge-stream@https://registry.npmjs.org/merge-stream/-/merge-stream-2.0.0.tgz. Extracting by manifest.
2544 silly tarball no local data for p-finally@https://registry.npmjs.org/p-finally/-/p-finally-2.0.1.tgz. Extracting by manifest.
2545 silly tarball no local data for npm-run-path@https://registry.npmjs.org/npm-run-path/-/npm-run-path-4.0.1.tgz. Extracting by manifest.
2546 silly tarball no local data for @esbuild/win32-x64@https://registry.npmjs.org/@esbuild/win32-x64/-/win32-x64-0.27.0.tgz. Extracting by manifest.
2547 silly tarball no local data for human-signals@https://registry.npmjs.org/human-signals/-/human-signals-1.1.1.tgz. Extracting by manifest.
2548 silly tarball no local data for get-stream@https://registry.npmjs.org/get-stream/-/get-stream-5.2.0.tgz. Extracting by manifest.
2549 silly tarball no local data for is-stream@https://registry.npmjs.org/is-stream/-/is-stream-2.0.1.tgz. Extracting by manifest.
2550 silly tarball no local data for cross-spawn@https://registry.npmjs.org/cross-spawn/-/cross-spawn-7.0.6.tgz. Extracting by manifest.
2551 silly tarball no local data for signal-exit@https://registry.npmjs.org/signal-exit/-/signal-exit-4.0.2.tgz. Extracting by manifest.
2552 silly tarball no local data for pretty-ms@https://registry.npmjs.org/pretty-ms/-/pretty-ms-7.0.1.tgz. Extracting by manifest.
2553 silly tarball no local data for time-span@https://registry.npmjs.org/time-span/-/time-span-4.0.0.tgz. Extracting by manifest.
2554 silly tarball no local data for @edge-runtime/format@https://registry.npmjs.org/@edge-runtime/format/-/format-2.2.1.tgz. Extracting by manifest.
2555 silly tarball no local data for picocolors@https://registry.npmjs.org/picocolors/-/picocolors-1.0.0.tgz. Extracting by manifest.
2556 silly tarball no local data for mri@https://registry.npmjs.org/mri/-/mri-1.2.0.tgz. Extracting by manifest.
2557 silly tarball no local data for readdirp@https://registry.npmjs.org/readdirp/-/readdirp-4.1.2.tgz. Extracting by manifest.
2558 silly tarball no local data for @edge-runtime/ponyfill@https://registry.npmjs.org/@edge-runtime/ponyfill/-/ponyfill-2.4.2.tgz. Extracting by manifest.
2559 silly tarball no local data for file-uri-to-path@https://registry.npmjs.org/file-uri-to-path/-/file-uri-to-path-1.0.0.tgz. Extracting by manifest.
2560 silly tarball no local data for retry@https://registry.npmjs.org/retry/-/retry-0.13.1.tgz. Extracting by manifest.
2561 silly tarball no local data for require-from-string@https://registry.npmjs.org/require-from-string/-/require-from-string-2.0.2.tgz. Extracting by manifest.
2562 silly tarball no local data for uri-js@https://registry.npmjs.org/uri-js/-/uri-js-4.4.1.tgz. Extracting by manifest.
2563 silly tarball no local data for path-key@https://registry.npmjs.org/path-key/-/path-key-3.1.1.tgz. Extracting by manifest.
2564 silly tarball no local data for json-schema-traverse@https://registry.npmjs.org/json-schema-traverse/-/json-schema-traverse-1.0.0.tgz. Extracting by manifest.
2565 silly tarball no local data for @sinclair/typebox@https://registry.npmjs.org/@sinclair/typebox/-/typebox-0.25.24.tgz. Extracting by manifest.
2566 silly tarball no local data for fast-deep-equal@https://registry.npmjs.org/fast-deep-equal/-/fast-deep-equal-3.1.3.tgz. Extracting by manifest.
2567 silly tarball no local data for json-schema-to-ts@https://registry.npmjs.org/json-schema-to-ts/-/json-schema-to-ts-1.6.4.tgz. Extracting by manifest.
2568 silly tarball no local data for ajv@https://registry.npmjs.org/ajv/-/ajv-8.6.3.tgz. Extracting by manifest.
2569 silly tarball no local data for @vercel/gatsby-plugin-vercel-builder@https://registry.npmjs.org/@vercel/gatsby-plugin-vercel-builder/-/gatsby-plugin-vercel-builder-2.2.19.tgz. Extracting by manifest.
2570 silly tarball no local data for @vercel/gatsby-plugin-vercel-analytics@https://registry.npmjs.org/@vercel/gatsby-plugin-vercel-analytics/-/gatsby-plugin-vercel-analytics-1.0.11.tgz. Extracting by manifest.
2571 silly tarball no local data for @renovatebot/pep440@https://registry.npmjs.org/@renovatebot/pep440/-/pep440-4.2.1.tgz. Extracting by manifest.
2572 silly tarball no local data for web-vitals@https://registry.npmjs.org/web-vitals/-/web-vitals-0.2.4.tgz. Extracting by manifest.
2573 silly tarball no local data for minimatch@https://registry.npmjs.org/minimatch/-/minimatch-10.1.1.tgz. Extracting by manifest.
2574 silly tarball no local data for @bytecodealliance/preview2-shim@https://registry.npmjs.org/@bytecodealliance/preview2-shim/-/preview2-shim-0.17.6.tgz. Extracting by manifest.
2575 silly tarball no local data for typescript@https://registry.npmjs.org/typescript/-/typescript-5.9.3.tgz. Extracting by manifest.
2576 silly tarball no local data for js-yaml@https://registry.npmjs.org/js-yaml/-/js-yaml-4.1.1.tgz. Extracting by manifest.
2577 silly tarball no local data for undici-types@https://registry.npmjs.org/undici-types/-/undici-types-5.26.5.tgz. Extracting by manifest.
2578 silly tarball no local data for path-to-regexp-updated@https://registry.npmjs.org/path-to-regexp/-/path-to-regexp-6.3.0.tgz. Extracting by manifest.
2579 silly tarball no local data for etag@https://registry.npmjs.org/etag/-/etag-1.8.1.tgz. Extracting by manifest.
2580 silly tarball no local data for @vercel/error-utils@https://registry.npmjs.org/@vercel/error-utils/-/error-utils-2.2.0.tgz. Extracting by manifest.
2581 silly tarball no local data for @types/node@https://registry.npmjs.org/@types/node/-/node-20.11.0.tgz. Extracting by manifest.
2582 silly tarball no local data for edge-runtime@https://registry.npmjs.org/edge-runtime/-/edge-runtime-2.5.9.tgz. Extracting by manifest.
2583 silly tarball no local data for mime-types@https://registry.npmjs.org/mime-types/-/mime-types-2.1.35.tgz. Extracting by manifest.
2584 silly tarball no local data for @types/estree@https://registry.npmjs.org/@types/estree/-/estree-1.0.9.tgz. Extracting by manifest.
2585 silly tarball no local data for @edge-runtime/vm@https://registry.npmjs.org/@edge-runtime/vm/-/vm-3.2.0.tgz. Extracting by manifest.
2586 silly tarball no local data for nopt@https://registry.npmjs.org/nopt/-/nopt-8.1.0.tgz. Extracting by manifest.
2587 silly tarball no local data for @edge-runtime/node-utils@https://registry.npmjs.org/@edge-runtime/node-utils/-/node-utils-2.3.0.tgz. Extracting by manifest.
2588 silly tarball no local data for https-proxy-agent@https://registry.npmjs.org/https-proxy-agent/-/https-proxy-agent-7.0.6.tgz. Extracting by manifest.
2589 silly tarball no local data for @edge-runtime/primitives@https://registry.npmjs.org/@edge-runtime/primitives/-/primitives-4.1.0.tgz. Extracting by manifest.
2590 silly tarball no local data for detect-libc@https://registry.npmjs.org/detect-libc/-/detect-libc-2.1.2.tgz. Extracting by manifest.
2591 silly tarball no local data for resolve-from@https://registry.npmjs.org/resolve-from/-/resolve-from-5.0.0.tgz. Extracting by manifest.
2592 silly tarball no local data for consola@https://registry.npmjs.org/consola/-/consola-3.4.2.tgz. Extracting by manifest.
2593 silly tarball no local data for picomatch@https://registry.npmjs.org/picomatch/-/picomatch-4.0.4.tgz. Extracting by manifest.
2594 silly tarball no local data for node-gyp-build@https://registry.npmjs.org/node-gyp-build/-/node-gyp-build-4.8.4.tgz. Extracting by manifest.
2595 silly tarball no local data for graceful-fs@https://registry.npmjs.org/graceful-fs/-/graceful-fs-4.2.11.tgz. Extracting by manifest.
2596 silly tarball no local data for estree-walker@https://registry.npmjs.org/estree-walker/-/estree-walker-2.0.2.tgz. Extracting by manifest.
2597 silly tarball no local data for @rollup/pluginutils@https://registry.npmjs.org/@rollup/pluginutils/-/pluginutils-5.4.0.tgz. Extracting by manifest.
2598 silly tarball no local data for bindings@https://registry.npmjs.org/bindings/-/bindings-1.5.0.tgz. Extracting by manifest.
2599 silly tarball no local data for glob@https://registry.npmjs.org/glob/-/glob-13.0.6.tgz. Extracting by manifest.
2600 silly tarball no local data for async-sema@https://registry.npmjs.org/async-sema/-/async-sema-3.1.1.tgz. Extracting by manifest.
2601 silly tarball no local data for @mapbox/node-pre-gyp@https://registry.npmjs.org/@mapbox/node-pre-gyp/-/node-pre-gyp-2.0.3.tgz. Extracting by manifest.
2602 silly tarball no local data for acorn-import-attributes@https://registry.npmjs.org/acorn-import-attributes/-/acorn-import-attributes-1.9.5.tgz. Extracting by manifest.
2603 silly tarball no local data for uid-promise@https://registry.npmjs.org/uid-promise/-/uid-promise-1.0.0.tgz. Extracting by manifest.
2604 silly tarball no local data for acorn@https://registry.npmjs.org/acorn/-/acorn-8.17.0.tgz. Extracting by manifest.
2605 silly tarball no local data for yauzl-promise@https://registry.npmjs.org/yauzl-promise/-/yauzl-promise-2.1.3.tgz. Extracting by manifest.
2606 silly tarball no local data for tree-kill@https://registry.npmjs.org/tree-kill/-/tree-kill-1.2.2.tgz. Extracting by manifest.
2607 silly tarball no local data for tinyexec@https://registry.npmjs.org/tinyexec/-/tinyexec-0.3.2.tgz. Extracting by manifest.
2608 silly tarball no local data for tar@https://registry.npmjs.org/tar/-/tar-7.5.7.tgz. Extracting by manifest.
2609 silly tarball no local data for semver@https://registry.npmjs.org/semver/-/semver-7.5.4.tgz. Extracting by manifest.
2610 silly tarball no local data for stat-mode@https://registry.npmjs.org/stat-mode/-/stat-mode-0.3.0.tgz. Extracting by manifest.
2611 silly tarball no local data for stream-to-promise@https://registry.npmjs.org/stream-to-promise/-/stream-to-promise-2.2.0.tgz. Extracting by manifest.
2612 silly tarball no local data for promisepipe@https://registry.npmjs.org/promisepipe/-/promisepipe-3.0.0.tgz. Extracting by manifest.
2613 silly tarball no local data for node-fetch@https://registry.npmjs.org/node-fetch/-/node-fetch-2.6.7.tgz. Extracting by manifest.
2614 silly tarball no local data for ms@https://registry.npmjs.org/ms/-/ms-2.1.1.tgz. Extracting by manifest.
2615 silly tarball no local data for @tootallnate/once@https://registry.npmjs.org/@tootallnate/once/-/once-2.0.0.tgz. Extracting by manifest.
2616 silly tarball no local data for @vercel/cervel@https://registry.npmjs.org/@vercel/cervel/-/cervel-0.1.22.tgz. Extracting by manifest.
2617 silly tarball no local data for generic-pool@https://registry.npmjs.org/generic-pool/-/generic-pool-3.4.2.tgz. Extracting by manifest.
2618 silly tarball no local data for micro@https://registry.npmjs.org/micro/-/micro-9.3.5-canary.3.tgz. Extracting by manifest.
2619 silly tarball no local data for debug@https://registry.npmjs.org/debug/-/debug-4.3.4.tgz. Extracting by manifest.
2620 silly tarball no local data for @napi-rs/keyring-win32-x64-msvc@https://registry.npmjs.org/@napi-rs/keyring-win32-x64-msvc/-/keyring-win32-x64-msvc-1.2.0.tgz. Extracting by manifest.
2621 silly tarball no local data for @vercel/static-config@https://registry.npmjs.org/@vercel/static-config/-/static-config-3.4.0.tgz. Extracting by manifest.
2622 silly tarball no local data for ts-morph@https://registry.npmjs.org/ts-morph/-/ts-morph-12.0.0.tgz. Extracting by manifest.
2623 silly tarball no local data for xdg-app-paths@https://registry.npmjs.org/xdg-app-paths/-/xdg-app-paths-5.5.1.tgz. Extracting by manifest.
2624 silly tarball no local data for open@https://registry.npmjs.org/open/-/open-8.4.0.tgz. Extracting by manifest.
2625 silly tarball no local data for es-module-lexer@https://registry.npmjs.org/es-module-lexer/-/es-module-lexer-1.5.0.tgz. Extracting by manifest.
2626 silly tarball no local data for async-listen@https://registry.npmjs.org/async-listen/-/async-listen-3.0.0.tgz. Extracting by manifest.
2627 silly tarball no local data for @vercel/python-analysis@https://registry.npmjs.org/@vercel/python-analysis/-/python-analysis-0.11.1.tgz. Extracting by manifest.
2628 silly tarball no local data for cjs-module-lexer@https://registry.npmjs.org/cjs-module-lexer/-/cjs-module-lexer-1.2.3.tgz. Extracting by manifest.
2629 silly tarball no local data for @napi-rs/keyring@https://registry.npmjs.org/@napi-rs/keyring/-/keyring-1.2.0.tgz. Extracting by manifest.
2630 silly tarball no local data for throttleit@https://registry.npmjs.org/throttleit/-/throttleit-2.1.0.tgz. Extracting by manifest.
2631 silly tarball no local data for undici@https://registry.npmjs.org/undici/-/undici-6.27.0.tgz. Extracting by manifest.
2632 silly tarball no local data for is-node-process@https://registry.npmjs.org/is-node-process/-/is-node-process-1.2.0.tgz. Extracting by manifest.
2633 silly tarball no local data for rolldown@https://registry.npmjs.org/rolldown/-/rolldown-1.0.0-rc.1.tgz. Extracting by manifest.
2634 silly tarball no local data for is-buffer@https://registry.npmjs.org/is-buffer/-/is-buffer-2.0.5.tgz. Extracting by manifest.
2635 silly tarball no local data for srvx@https://registry.npmjs.org/srvx/-/srvx-0.8.9.tgz. Extracting by manifest.
2636 silly tarball no local data for tsx@https://registry.npmjs.org/tsx/-/tsx-4.21.0.tgz. Extracting by manifest.
2637 silly tarball no local data for resolve.exports@https://registry.npmjs.org/resolve.exports/-/resolve.exports-2.0.3.tgz. Extracting by manifest.
2638 silly tarball no local data for async-retry@https://registry.npmjs.org/async-retry/-/async-retry-1.3.3.tgz. Extracting by manifest.
2639 silly tarball no local data for oxc-transform@https://registry.npmjs.org/oxc-transform/-/oxc-transform-0.111.0.tgz. Extracting by manifest.
2640 silly tarball no local data for get-port@https://registry.npmjs.org/get-port/-/get-port-5.1.1.tgz. Extracting by manifest.
2641 silly tarball no local data for path-to-regexp@https://registry.npmjs.org/path-to-regexp/-/path-to-regexp-8.3.0.tgz. Extracting by manifest.
2642 silly tarball no local data for fs-extra@https://registry.npmjs.org/fs-extra/-/fs-extra-11.1.0.tgz. Extracting by manifest.
2643 silly tarball no local data for @vercel/nft@https://registry.npmjs.org/@vercel/nft/-/nft-1.10.0.tgz. Extracting by manifest.
2644 silly tarball no local data for smol-toml@https://registry.npmjs.org/smol-toml/-/smol-toml-1.5.2.tgz. Extracting by manifest.
2645 silly tarball no local data for execa@https://registry.npmjs.org/execa/-/execa-3.2.0.tgz. Extracting by manifest.
2646 silly tarball no local data for sandbox@https://registry.npmjs.org/sandbox/-/sandbox-3.1.2.tgz. Extracting by manifest.
2647 silly tarball no local data for proxy-agent@https://registry.npmjs.org/proxy-agent/-/proxy-agent-6.4.0.tgz. Extracting by manifest.
2648 silly tarball no local data for jose@https://registry.npmjs.org/jose/-/jose-5.9.6.tgz. Extracting by manifest.
2649 silly tarball no local data for @vercel/rust@https://registry.npmjs.org/@vercel/rust/-/rust-1.3.0.tgz. Extracting by manifest.
2650 silly tarball no local data for luxon@https://registry.npmjs.org/luxon/-/luxon-3.7.2.tgz. Extracting by manifest.
2651 silly tarball no local data for zod@https://registry.npmjs.org/zod/-/zod-4.1.11.tgz. Extracting by manifest.
2652 silly tarball no local data for form-data@https://registry.npmjs.org/form-data/-/form-data-4.0.6.tgz. Extracting by manifest.
2653 silly tarball no local data for chokidar@https://registry.npmjs.org/chokidar/-/chokidar-4.0.0.tgz. Extracting by manifest.
2654 silly tarball no local data for esbuild@https://registry.npmjs.org/esbuild/-/esbuild-0.27.0.tgz. Extracting by manifest.
2655 silly tarball no local data for @vercel/remix-builder@https://registry.npmjs.org/@vercel/remix-builder/-/remix-builder-5.9.1.tgz. Extracting by manifest.
2656 silly tarball no local data for @vercel/ruby@https://registry.npmjs.org/@vercel/ruby/-/ruby-2.4.0.tgz. Extracting by manifest.
2657 silly tarball no local data for @vercel/redwood@https://registry.npmjs.org/@vercel/redwood/-/redwood-2.5.0.tgz. Extracting by manifest.
2658 silly tarball no local data for @vercel/python@https://registry.npmjs.org/@vercel/python/-/python-6.45.0.tgz. Extracting by manifest.
2659 silly tarball no local data for @vercel/static-build@https://registry.npmjs.org/@vercel/static-build/-/static-build-2.10.3.tgz. Extracting by manifest.
2660 silly tarball no local data for @vercel/next@https://registry.npmjs.org/@vercel/next/-/next-4.19.0.tgz. Extracting by manifest.
2661 silly tarball no local data for @vercel/node@https://registry.npmjs.org/@vercel/node/-/node-5.8.17.tgz. Extracting by manifest.
2662 silly tarball no local data for @vercel/nestjs@https://registry.npmjs.org/@vercel/nestjs/-/nestjs-0.2.97.tgz. Extracting by manifest.
2663 silly tarball no local data for @vercel/hydrogen@https://registry.npmjs.org/@vercel/hydrogen/-/hydrogen-1.4.0.tgz. Extracting by manifest.
2664 silly tarball no local data for @vercel/koa@https://registry.npmjs.org/@vercel/koa/-/koa-0.1.76.tgz. Extracting by manifest.
2665 silly tarball no local data for @vercel/h3@https://registry.npmjs.org/@vercel/h3/-/h3-0.1.102.tgz. Extracting by manifest.
2666 silly tarball no local data for @vercel/go@https://registry.npmjs.org/@vercel/go/-/go-3.9.0.tgz. Extracting by manifest.
2667 silly tarball no local data for @vercel/fastify@https://registry.npmjs.org/@vercel/fastify/-/fastify-0.1.96.tgz. Extracting by manifest.
2668 silly tarball no local data for @vercel/fun@https://registry.npmjs.org/@vercel/fun/-/fun-1.3.0.tgz. Extracting by manifest.
2669 silly tarball no local data for @vercel/prepare-flags-definitions@https://registry.npmjs.org/@vercel/prepare-flags-definitions/-/prepare-flags-definitions-0.3.0.tgz. Extracting by manifest.
2670 silly tarball no local data for @vercel/hono@https://registry.npmjs.org/@vercel/hono/-/hono-0.2.96.tgz. Extracting by manifest.
2671 silly tarball no local data for @vercel/detect-agent@https://registry.npmjs.org/@vercel/detect-agent/-/detect-agent-1.2.3.tgz. Extracting by manifest.
2672 silly tarball no local data for @vercel/cli-auth@https://registry.npmjs.org/@vercel/cli-auth/-/cli-auth-0.3.0.tgz. Extracting by manifest.
2673 silly tarball no local data for @vercel/elysia@https://registry.npmjs.org/@vercel/elysia/-/elysia-0.1.93.tgz. Extracting by manifest.
2674 silly tarball no local data for @vercel/cli-config@https://registry.npmjs.org/@vercel/cli-config/-/cli-config-0.2.0.tgz. Extracting by manifest.
2675 silly tarball no local data for zod@https://registry.npmjs.org/zod/-/zod-3.24.4.tgz. Extracting by manifest.
2676 silly tarball no local data for vercel@https://registry.npmjs.org/vercel/-/vercel-54.14.0.tgz. Extracting by manifest.
2677 silly tarball no local data for @vercel/build-utils@https://registry.npmjs.org/@vercel/build-utils/-/build-utils-13.30.0.tgz. Extracting by manifest.
2678 silly tarball no local data for picomatch@https://registry.npmjs.org/picomatch/-/picomatch-2.3.2.tgz. Extracting by manifest.
2679 silly tarball no local data for @vercel/express@https://registry.npmjs.org/@vercel/express/-/express-0.1.105.tgz. Extracting by manifest.
2680 silly tarball no local data for minimatch@https://registry.npmjs.org/minimatch/-/minimatch-3.1.5.tgz. Extracting by manifest.
2681 silly tarball no local data for @vercel/backends@https://registry.npmjs.org/@vercel/backends/-/backends-0.8.14.tgz. Extracting by manifest.
2682 silly tarball no local data for @vercel/blob@https://registry.npmjs.org/@vercel/blob/-/blob-2.4.0.tgz. Extracting by manifest.
2683 silly tarball no local data for async-listen@https://registry.npmjs.org/async-listen/-/async-listen-3.0.1.tgz. Extracting by manifest.
2684 silly tarball no local data for undici@https://registry.npmjs.org/undici/-/undici-7.28.0.tgz. Extracting by manifest.
2685 silly tarball no local data for jose@https://registry.npmjs.org/jose/-/jose-6.2.3.tgz. Extracting by manifest.
2686 silly tarball no local data for xdg-app-paths@https://registry.npmjs.org/xdg-app-paths/-/xdg-app-paths-5.1.0.tgz. Extracting by manifest.
2687 silly tarball no local data for ms@https://registry.npmjs.org/ms/-/ms-2.1.3.tgz. Extracting by manifest.
2688 silly tarball no local data for minimatch@https://registry.npmjs.org/minimatch/-/minimatch-10.2.5.tgz. Extracting by manifest.
2689 silly tarball no local data for balanced-match@https://registry.npmjs.org/balanced-match/-/balanced-match-4.0.4.tgz. Extracting by manifest.
2690 silly tarball no local data for picocolors@https://registry.npmjs.org/picocolors/-/picocolors-1.1.1.tgz. Extracting by manifest.
2691 silly tarball no local data for once@https://registry.npmjs.org/once/-/once-1.3.3.tgz. Extracting by manifest.
2692 silly tarball no local data for end-of-stream@https://registry.npmjs.org/end-of-stream/-/end-of-stream-1.1.0.tgz. Extracting by manifest.
2693 silly tarball no local data for lru-cache@https://registry.npmjs.org/lru-cache/-/lru-cache-6.0.0.tgz. Extracting by manifest.
2694 silly tarball no local data for brace-expansion@https://registry.npmjs.org/brace-expansion/-/brace-expansion-5.0.6.tgz. Extracting by manifest.
2695 silly tarball no local data for yallist@https://registry.npmjs.org/yallist/-/yallist-4.0.0.tgz. Extracting by manifest.
2696 silly tarball no local data for signal-exit@https://registry.npmjs.org/signal-exit/-/signal-exit-3.0.7.tgz. Extracting by manifest.
2697 silly tarball no local data for ms@https://registry.npmjs.org/ms/-/ms-2.1.2.tgz. Extracting by manifest.
2698 silly tarball no local data for zod@https://registry.npmjs.org/zod/-/zod-3.22.4.tgz. Extracting by manifest.
2699 silly tarball no local data for lru-cache@https://registry.npmjs.org/lru-cache/-/lru-cache-7.18.3.tgz. Extracting by manifest.
2700 silly tarball no local data for ms@https://registry.npmjs.org/ms/-/ms-2.1.3.tgz. Extracting by manifest.
2701 silly tarball no local data for fs-extra@https://registry.npmjs.org/fs-extra/-/fs-extra-11.1.1.tgz. Extracting by manifest.
2702 silly tarball no local data for signal-exit@https://registry.npmjs.org/signal-exit/-/signal-exit-3.0.7.tgz. Extracting by manifest.
2703 silly tarball no local data for path-to-regexp@https://registry.npmjs.org/path-to-regexp/-/path-to-regexp-6.1.0.tgz. Extracting by manifest.
2704 silly tarball no local data for debug@https://registry.npmjs.org/debug/-/debug-4.4.3.tgz. Extracting by manifest.
2705 silly tarball no local data for human-signals@https://registry.npmjs.org/human-signals/-/human-signals-2.1.0.tgz. Extracting by manifest.
2706 silly tarball no local data for get-stream@https://registry.npmjs.org/get-stream/-/get-stream-6.0.1.tgz. Extracting by manifest.
2707 silly tarball no local data for path-to-regexp@https://registry.npmjs.org/path-to-regexp/-/path-to-regexp-6.1.0.tgz. Extracting by manifest.
2708 silly tarball no local data for execa@https://registry.npmjs.org/execa/-/execa-5.1.1.tgz. Extracting by manifest.
2709 silly tarball no local data for semver@https://registry.npmjs.org/semver/-/semver-6.3.1.tgz. Extracting by manifest.
2710 silly tarball no local data for undici@https://registry.npmjs.org/undici/-/undici-5.28.4.tgz. Extracting by manifest.
2711 silly tarball no local data for zod@https://registry.npmjs.org/zod/-/zod-3.22.4.tgz. Extracting by manifest.
2712 silly tarball no local data for es-module-lexer@https://registry.npmjs.org/es-module-lexer/-/es-module-lexer-1.4.1.tgz. Extracting by manifest.
2713 silly tarball no local data for zod@https://registry.npmjs.org/zod/-/zod-3.22.4.tgz. Extracting by manifest.
2714 silly tarball no local data for xdg-app-paths@https://registry.npmjs.org/xdg-app-paths/-/xdg-app-paths-5.1.0.tgz. Extracting by manifest.
2715 silly tarball no local data for node-fetch@https://registry.npmjs.org/node-fetch/-/node-fetch-2.6.9.tgz. Extracting by manifest.
2716 silly tarball no local data for async-listen@https://registry.npmjs.org/async-listen/-/async-listen-1.2.0.tgz. Extracting by manifest.
2717 silly tarball no local data for zod@https://registry.npmjs.org/zod/-/zod-3.22.4.tgz. Extracting by manifest.
2718 silly tarball no local data for path-to-regexp@https://registry.npmjs.org/path-to-regexp/-/path-to-regexp-8.2.0.tgz. Extracting by manifest.
2719 http fetch POST 200 https://registry.npmjs.org/-/npm/v1/security/advisories/bulk 317ms
2720 silly audit report {
2720 silly audit report   esbuild: [
2720 silly audit report     {
2720 silly audit report       id: 1120679,
2720 silly audit report       url: 'https://github.com/advisories/GHSA-gv7w-rqvm-qjhr',
2720 silly audit report       title: 'esbuild: Missing binary integrity verification in Deno module enables remote code execution via NPM_CONFIG_REGISTRY',
2720 silly audit report       severity: 'high',
2720 silly audit report       vulnerable_versions: '>=0.17.0 <0.28.1',
2720 silly audit report       cwe: [Array],
2720 silly audit report       cvss: [Object]
2720 silly audit report     }
2720 silly audit report   ],
2720 silly audit report   'smol-toml': [
2720 silly audit report     {
2720 silly audit report       id: 1115393,
2720 silly audit report       url: 'https://github.com/advisories/GHSA-v3rj-xjv7-4jmq',
2720 silly audit report       title: 'smol-toml: Denial of Service via TOML documents containing thousands of consecutive commented lines',
2720 silly audit report       severity: 'moderate',
2720 silly audit report       vulnerable_versions: '<1.6.1',
2720 silly audit report       cwe: [Array],
2720 silly audit report       cvss: [Object]
2720 silly audit report     }
2720 silly audit report   ],
2720 silly audit report   'path-to-regexp': [
2720 silly audit report     {
2720 silly audit report       id: 1101846,
2720 silly audit report       url: 'https://github.com/advisories/GHSA-9wv6-86v2-598j',
2720 silly audit report       title: 'path-to-regexp outputs backtracking regular expressions',
2720 silly audit report       severity: 'high',
2720 silly audit report       vulnerable_versions: '>=4.0.0 <6.3.0',
2720 silly audit report       cwe: [Array],
2720 silly audit report       cvss: [Object]
2720 silly audit report     },
2720 silly audit report     {
2720 silly audit report       id: 1115573,
2720 silly audit report       url: 'https://github.com/advisories/GHSA-j3q9-mxjg-w52f',
2720 silly audit report       title: 'path-to-regexp vulnerable to Denial of Service via sequential optional groups',
2720 silly audit report       severity: 'high',
2720 silly audit report       vulnerable_versions: '>=8.0.0 <8.4.0',
2720 silly audit report       cwe: [Array],
2720 silly audit report       cvss: [Object]
2720 silly audit report     },
2720 silly audit report     {
2720 silly audit report       id: 1115582,
2720 silly audit report       url: 'https://github.com/advisories/GHSA-27v5-c462-wpq7',
2720 silly audit report       title: 'path-to-regexp vulnerable to Regular Expression Denial of Service via multiple wildcards',
2720 silly audit report       severity: 'moderate',
2720 silly audit report       vulnerable_versions: '>=8.0.0 <8.4.0',
2720 silly audit report       cwe: [Array],
2720 silly audit report       cvss: [Object]
2720 silly audit report     }
2720 silly audit report   ],
2720 silly audit report   srvx: [
2720 silly audit report     {
2720 silly audit report       id: 1115537,
2720 silly audit report       url: 'https://github.com/advisories/GHSA-p36q-q72m-gchr',
2720 silly audit report       title: 'srvx is vulnerable to middleware bypass via absolute URI in request line ',
2720 silly audit report       severity: 'moderate',
2720 silly audit report       vulnerable_versions: '<0.11.13',
2720 silly audit report       cwe: [Array],
2720 silly audit report       cvss: [Object]
2720 silly audit report     }
2720 silly audit report   ],
2720 silly audit report   undici: [
2720 silly audit report     {
2720 silly audit report       id: 1101610,
2720 silly audit report       url: 'https://github.com/advisories/GHSA-c76h-2ccp-4975',
2720 silly audit report       title: 'Use of Insufficiently Random Values in undici',
2720 silly audit report       severity: 'moderate',
2720 silly audit report       vulnerable_versions: '>=4.5.0 <5.28.5',
2720 silly audit report       cwe: [Array],
2720 silly audit report       cvss: [Object]
2720 silly audit report     },
2720 silly audit report     {
2720 silly audit report       id: 1112496,
2720 silly audit report       url: 'https://github.com/advisories/GHSA-g9mf-h72j-4rw9',
2720 silly audit report       title: 'Undici has an unbounded decompression chain in HTTP responses on Node.js Fetch API via Content-Encoding leads to resource exhaustion',
2720 silly audit report       severity: 'moderate',
2720 silly audit report       vulnerable_versions: '<6.23.0',
2720 silly audit report       cwe: [Array],
2720 silly audit report       cvss: [Object]
2720 silly audit report     },
2720 silly audit report     {
2720 silly audit report       id: 1113069,
2720 silly audit report       url: 'https://github.com/advisories/GHSA-cxrh-j4jr-qwg3',
2720 silly audit report       title: 'undici Denial of Service attack via bad certificate data',
2720 silly audit report       severity: 'low',
2720 silly audit report       vulnerable_versions: '<5.29.0',
2720 silly audit report       cwe: [Array],
2720 silly audit report       cvss: [Object]
2720 silly audit report     },
2720 silly audit report     {
2720 silly audit report       id: 1114594,
2720 silly audit report       url: 'https://github.com/advisories/GHSA-2mjp-6q6p-2qxm',
2720 silly audit report       title: 'Undici has an HTTP Request/Response Smuggling issue',
2720 silly audit report       severity: 'moderate',
2720 silly audit report       vulnerable_versions: '<6.24.0',
2720 silly audit report       cwe: [Array],
2720 silly audit report       cvss: [Object]
2720 silly audit report     },
2720 silly audit report     {
2720 silly audit report       id: 1114638,
2720 silly audit report       url: 'https://github.com/advisories/GHSA-vrm6-8vpv-qv8q',
2720 silly audit report       title: 'Undici has Unbounded Memory Consumption in WebSocket permessage-deflate Decompression',
2720 silly audit report       severity: 'high',
2720 silly audit report       vulnerable_versions: '<6.24.0',
2720 silly audit report       cwe: [Array],
2720 silly audit report       cvss: [Object]
2720 silly audit report     },
2720 silly audit report     {
2720 silly audit report       id: 1114640,
2720 silly audit report       url: 'https://github.com/advisories/GHSA-v9p9-hfj2-hcw8',
2720 silly audit report       title: 'Undici has Unhandled Exception in WebSocket Client Due to Invalid server_max_window_bits Validation',
2720 silly audit report       severity: 'high',
2720 silly audit report       vulnerable_versions: '<6.24.0',
2720 silly audit report       cwe: [Array],
2720 silly audit report       cvss: [Object]
2720 silly audit report     },
2720 silly audit report     {
2720 silly audit report       id: 1114642,
2720 silly audit report       url: 'https://github.com/advisories/GHSA-4992-7rv2-5pvq',
2720 silly audit report       title: 'Undici has CRLF Injection in undici via `upgrade` option',
2720 silly audit report       severity: 'moderate',
2720 silly audit report       vulnerable_versions: '<6.24.0',
2720 silly audit report       cwe: [Array],
2720 silly audit report       cvss: [Object]
2720 silly audit report     }
2720 silly audit report   ],
2720 silly audit report   '@tootallnate/once': [
2720 silly audit report     {
2720 silly audit report       id: 1119438,
2720 silly audit report       url: 'https://github.com/advisories/GHSA-vpq2-c234-7xj6',
2720 silly audit report       title: '@tootallnate/once vulnerable to Incorrect Control Flow Scoping',
2720 silly audit report       severity: 'low',
2720 silly audit report       vulnerable_versions: '<2.0.1',
2720 silly audit report       cwe: [Array],
2720 silly audit report       cvss: [Object]
2720 silly audit report     }
2720 silly audit report   ],
2720 silly audit report   tar: [
2720 silly audit report     {
2720 silly audit report       id: 1113375,
2720 silly audit report       url: 'https://github.com/advisories/GHSA-83g3-92jg-28cx',
2720 silly audit report       title: 'Arbitrary File Read/Write via Hardlink Target Escape Through Symlink Chain in node-tar Extraction',
2720 silly audit report       severity: 'high',
2720 silly audit report       vulnerable_versions: '<7.5.8',
2720 silly audit report       cwe: [Array],
2720 silly audit report       cvss: [Object]
2720 silly audit report     },
2720 silly audit report     {
2720 silly audit report       id: 1114200,
2720 silly audit report       url: 'https://github.com/advisories/GHSA-qffp-2rhf-9h96',
2720 silly audit report       title: 'tar has Hardlink Path Traversal via Drive-Relative Linkpath',
2720 silly audit report       severity: 'high',
2720 silly audit report       vulnerable_versions: '<=7.5.9',
2720 silly audit report       cwe: [Array],
2720 silly audit report       cvss: [Object]
2720 silly audit report     },
2720 silly audit report     {
2720 silly audit report       id: 1114302,
2720 silly audit report       url: 'https://github.com/advisories/GHSA-9ppj-qmqm-q256',
2720 silly audit report       title: 'node-tar Symlink Path Traversal via Drive-Relative Linkpath',
2720 silly audit report       severity: 'high',
2720 silly audit report       vulnerable_versions: '<=7.5.10',
2720 silly audit report       cwe: [Array],
2720 silly audit report       cvss: [Object]
2720 silly audit report     }
2720 silly audit report   ],
2720 silly audit report   minimatch: [
2720 silly audit report     {
2720 silly audit report       id: 1113466,
2720 silly audit report       url: 'https://github.com/advisories/GHSA-3ppc-4f35-3m26',
2720 silly audit report       title: 'minimatch has a ReDoS via repeated wildcards with non-matching literal in pattern',
2720 silly audit report       severity: 'high',
2720 silly audit report       vulnerable_versions: '>=10.0.0 <10.2.1',
2720 silly audit report       cwe: [Array],
2720 silly audit report       cvss: [Object]
2720 silly audit report     },
2720 silly audit report     {
2720 silly audit report       id: 1113545,
2720 silly audit report       url: 'https://github.com/advisories/GHSA-7r86-cg39-jmmj',
2720 silly audit report       title: 'minimatch has ReDoS: matchOne() combinatorial backtracking via multiple non-adjacent GLOBSTAR segments',
2720 silly audit report       severity: 'high',
2720 silly audit report       vulnerable_versions: '>=10.0.0 <10.2.3',
2720 silly audit report       cwe: [Array],
2720 silly audit report       cvss: [Object]
2720 silly audit report     },
2720 silly audit report     {
2720 silly audit report       id: 1113553,
2720 silly audit report       url: 'https://github.com/advisories/GHSA-23c5-xmqv-rm74',
2720 silly audit report       title: 'minimatch ReDoS: nested *() extglobs generate catastrophically backtracking regular expressions',
2720 silly audit report       severity: 'high',
2720 silly audit report       vulnerable_versions: '>=10.0.0 <10.2.3',
2720 silly audit report       cwe: [Array],
2720 silly audit report       cvss: [Object]
2720 silly audit report     }
2720 silly audit report   ],
2720 silly audit report   ajv: [
2720 silly audit report     {
2720 silly audit report       id: 1113715,
2720 silly audit report       url: 'https://github.com/advisories/GHSA-2g4f-4pwh-qvx6',
2720 silly audit report       title: 'ajv has ReDoS when using `$data` option',
2720 silly audit report       severity: 'moderate',
2720 silly audit report       vulnerable_versions: '>=7.0.0-alpha.0 <8.18.0',
2720 silly audit report       cwe: [Array],
2720 silly audit report       cvss: [Object]
2720 silly audit report     }
2720 silly audit report   ]
2720 silly audit report }
2721 silly packumentCache corgi:https://registry.npmjs.org/esbuild cache-miss
2722 silly packumentCache corgi:https://registry.npmjs.org/smol-toml cache-miss
2723 silly packumentCache corgi:https://registry.npmjs.org/path-to-regexp cache-miss
2724 silly packumentCache corgi:https://registry.npmjs.org/srvx cache-miss
2725 silly packumentCache corgi:https://registry.npmjs.org/undici cache-miss
2726 silly packumentCache corgi:https://registry.npmjs.org/@tootallnate%2fonce cache-miss
2727 silly packumentCache corgi:https://registry.npmjs.org/tar cache-miss
2728 silly packumentCache corgi:https://registry.npmjs.org/minimatch cache-miss
2729 silly packumentCache corgi:https://registry.npmjs.org/ajv cache-miss
2730 http fetch GET 200 https://registry.npmjs.org/brace-expansion/-/brace-expansion-1.1.15.tgz 289ms (cache miss)
2731 http fetch GET 200 https://registry.npmjs.org/yauzl-clone/-/yauzl-clone-1.0.4.tgz 289ms (cache miss)
2732 http fetch GET 200 https://registry.npmjs.org/buffer-crc32/-/buffer-crc32-0.2.13.tgz 289ms (cache miss)
2733 http fetch GET 200 https://registry.npmjs.org/concat-map/-/concat-map-0.0.1.tgz 292ms (cache miss)
2734 http fetch GET 200 https://registry.npmjs.org/events-intercept/-/events-intercept-2.0.0.tgz 293ms (cache miss)
2735 http fetch GET 200 https://registry.npmjs.org/balanced-match/-/balanced-match-1.0.2.tgz 298ms (cache miss)
2736 http fetch GET 200 https://registry.npmjs.org/resolve-pkg-maps/-/resolve-pkg-maps-1.0.0.tgz 298ms (cache miss)
2737 http fetch GET 200 https://registry.npmjs.org/pend/-/pend-1.2.0.tgz 302ms (cache miss)
2738 http fetch GET 200 https://registry.npmjs.org/fd-slicer/-/fd-slicer-1.1.0.tgz 310ms (cache miss)
2739 http fetch GET 200 https://registry.npmjs.org/webidl-conversions/-/webidl-conversions-3.0.1.tgz 311ms (cache miss)
2740 http fetch GET 200 https://registry.npmjs.org/queue-microtask/-/queue-microtask-1.2.3.tgz 310ms (cache miss)
2741 http fetch GET 200 https://registry.npmjs.org/yauzl/-/yauzl-2.10.0.tgz 316ms (cache miss)
2742 http fetch GET 200 https://registry.npmjs.org/fill-range/-/fill-range-7.1.1.tgz 321ms (cache miss)
2743 http fetch GET 200 https://registry.npmjs.org/braces/-/braces-3.0.3.tgz 322ms (cache miss)
2744 http fetch GET 200 https://registry.npmjs.org/punycode/-/punycode-2.3.1.tgz 333ms (cache miss)
2745 http fetch GET 200 https://registry.npmjs.org/to-regex-range/-/to-regex-range-5.0.1.tgz 334ms (cache miss)
2746 http fetch GET 200 https://registry.npmjs.org/is-number/-/is-number-7.0.0.tgz 339ms (cache miss)
2747 http fetch GET 200 https://registry.npmjs.org/merge2/-/merge2-1.4.1.tgz 337ms (cache miss)
2748 http fetch GET 200 https://registry.npmjs.org/is-glob/-/is-glob-4.0.3.tgz 341ms (cache miss)
2749 http fetch GET 200 https://registry.npmjs.org/run-parallel/-/run-parallel-1.2.0.tgz 340ms (cache miss)
2750 http fetch GET 200 https://registry.npmjs.org/is-extglob/-/is-extglob-2.1.1.tgz 341ms (cache miss)
2751 http fetch GET 200 https://registry.npmjs.org/reusify/-/reusify-1.1.0.tgz 360ms (cache miss)
2752 http fetch GET 200 https://registry.npmjs.org/glob-parent/-/glob-parent-5.1.2.tgz 360ms (cache miss)
2753 http fetch GET 200 https://registry.npmjs.org/micromatch/-/micromatch-4.0.8.tgz 369ms (cache miss)
2754 http fetch GET 200 https://registry.npmjs.org/fastq/-/fastq-1.20.1.tgz 369ms (cache miss)
2755 http fetch GET 200 https://registry.npmjs.org/path-browserify/-/path-browserify-1.0.1.tgz 378ms (cache miss)
2756 http fetch GET 200 https://registry.npmjs.org/code-block-writer/-/code-block-writer-10.1.1.tgz 377ms (cache miss)
2757 http fetch GET 200 https://registry.npmjs.org/text-decoder/-/text-decoder-1.2.7.tgz 377ms (cache miss)
2758 http fetch GET 200 https://registry.npmjs.org/yallist/-/yallist-5.0.0.tgz 378ms (cache miss)
2759 http fetch GET 200 https://registry.npmjs.org/@nodelib/fs.scandir/-/fs.scandir-2.1.5.tgz 384ms (cache miss)
2760 http fetch GET 200 https://registry.npmjs.org/mkdirp/-/mkdirp-1.0.4.tgz 381ms (cache miss)
2761 http fetch GET 200 https://registry.npmjs.org/xdg-portable/-/xdg-portable-7.3.0.tgz 393ms (cache miss)
2762 http fetch GET 200 https://registry.npmjs.org/events-universal/-/events-universal-1.0.1.tgz 386ms (cache miss)
2763 http fetch GET 200 https://registry.npmjs.org/os-paths/-/os-paths-4.4.0.tgz 395ms (cache miss)
2764 http fetch GET 200 https://registry.npmjs.org/fast-fifo/-/fast-fifo-1.3.2.tgz 393ms (cache miss)
2765 http fetch GET 200 https://registry.npmjs.org/streamx/-/streamx-2.28.0.tgz 394ms (cache miss)
2766 http fetch GET 200 https://registry.npmjs.org/@nodelib/fs.stat/-/fs.stat-2.0.5.tgz 402ms (cache miss)
2767 http fetch GET 200 https://registry.npmjs.org/isexe/-/isexe-2.0.0.tgz 411ms (cache miss)
2768 http fetch GET 200 https://registry.npmjs.org/any-promise/-/any-promise-1.3.0.tgz 400ms (cache miss)
2769 http fetch GET 200 https://registry.npmjs.org/convert-hrtime/-/convert-hrtime-3.0.0.tgz 405ms (cache miss)
2770 http fetch GET 200 https://registry.npmjs.org/cookie-es/-/cookie-es-2.0.1.tgz 399ms (cache miss)
2771 http fetch GET 200 https://registry.npmjs.org/stream-to-array/-/stream-to-array-2.3.0.tgz 405ms (cache miss)
2772 http fetch GET 200 https://registry.npmjs.org/shebang-regex/-/shebang-regex-3.0.0.tgz 404ms (cache miss)
2773 http fetch GET 200 https://registry.npmjs.org/tar-stream/-/tar-stream-3.1.7.tgz 405ms (cache miss)
2774 http fetch GET 200 https://registry.npmjs.org/b4a/-/b4a-1.8.1.tgz 418ms (cache miss)
2775 http fetch GET 200 https://registry.npmjs.org/chownr/-/chownr-3.0.0.tgz 419ms (cache miss)
2776 http fetch GET 200 https://registry.npmjs.org/@isaacs/fs-minipass/-/fs-minipass-4.0.1.tgz 428ms (cache miss)
2777 http fetch GET 200 https://registry.npmjs.org/jsonlines/-/jsonlines-0.1.1.tgz 429ms (cache miss)
2778 http fetch GET 200 https://registry.npmjs.org/toidentifier/-/toidentifier-1.0.0.tgz 430ms (cache miss)
2779 http fetch GET 200 https://registry.npmjs.org/setprototypeof/-/setprototypeof-1.1.1.tgz 431ms (cache miss)
2780 http fetch GET 200 https://registry.npmjs.org/statuses/-/statuses-1.5.0.tgz 436ms (cache miss)
2781 http fetch GET 200 https://registry.npmjs.org/safer-buffer/-/safer-buffer-2.1.2.tgz 439ms (cache miss)
2782 http fetch GET 200 https://registry.npmjs.org/inherits/-/inherits-2.0.4.tgz 439ms (cache miss)
2783 http fetch GET 200 https://registry.npmjs.org/wrappy/-/wrappy-1.0.2.tgz 453ms (cache miss)
2784 http fetch GET 200 https://registry.npmjs.org/tr46/-/tr46-0.0.3.tgz 476ms (cache miss)
2785 http fetch GET 200 https://registry.npmjs.org/once/-/once-1.4.0.tgz 454ms (cache miss)
2786 http fetch GET 200 https://registry.npmjs.org/depd/-/depd-1.1.2.tgz 459ms (cache miss)
2787 http fetch GET 200 https://registry.npmjs.org/end-of-stream/-/end-of-stream-1.4.5.tgz 460ms (cache miss)
2788 http fetch GET 200 https://registry.npmjs.org/bytes/-/bytes-3.1.0.tgz 465ms (cache miss)
2789 http fetch GET 200 https://registry.npmjs.org/get-tsconfig/-/get-tsconfig-4.14.0.tgz 487ms (cache miss)
2790 http fetch GET 200 https://registry.npmjs.org/http-errors/-/http-errors-1.7.3.tgz 471ms (cache miss)
2791 http fetch GET 200 https://registry.npmjs.org/unpipe/-/unpipe-1.0.0.tgz 478ms (cache miss)
2792 http fetch GET 200 https://registry.npmjs.org/esutils/-/esutils-2.0.3.tgz 493ms (cache miss)
2793 http fetch GET 200 https://registry.npmjs.org/data-uri-to-buffer/-/data-uri-to-buffer-6.0.2.tgz 495ms (cache miss)
2794 http fetch GET 200 https://registry.npmjs.org/netmask/-/netmask-2.1.1.tgz 502ms (cache miss)
2795 http fetch GET 200 https://registry.npmjs.org/bare-events/-/bare-events-2.9.1.tgz 521ms (cache miss)
2796 http fetch GET 200 https://registry.npmjs.org/estraverse/-/estraverse-5.3.0.tgz 531ms (cache miss)
2797 http fetch GET 200 https://registry.npmjs.org/get-uri/-/get-uri-6.0.5.tgz 547ms (cache miss)
2798 http fetch GET 200 https://registry.npmjs.org/parse-ms/-/parse-ms-2.1.0.tgz 548ms (cache miss)
2799 http fetch GET 200 https://registry.npmjs.org/http-proxy-agent/-/http-proxy-agent-7.0.2.tgz 550ms (cache miss)
2800 http fetch GET 200 https://registry.npmjs.org/socks-proxy-agent/-/socks-proxy-agent-8.0.5.tgz 553ms (cache miss)
2801 http fetch GET 200 https://registry.npmjs.org/escodegen/-/escodegen-2.1.0.tgz 560ms (cache miss)
2802 http fetch GET 200 https://registry.npmjs.org/@nodelib/fs.walk/-/fs.walk-1.2.8.tgz 591ms (cache miss)
2803 http fetch GET 200 https://registry.npmjs.org/pac-proxy-agent/-/pac-proxy-agent-7.2.0.tgz 570ms (cache miss)
2804 http fetch GET 200 https://registry.npmjs.org/proxy-from-env/-/proxy-from-env-1.1.0.tgz 577ms (cache miss)
2805 http fetch GET 200 https://registry.npmjs.org/is-docker/-/is-docker-2.2.1.tgz 600ms (cache miss)
2806 http fetch GET 200 https://registry.npmjs.org/define-lazy-prop/-/define-lazy-prop-2.0.0.tgz 606ms (cache miss)
2807 http fetch GET 200 https://registry.npmjs.org/@rolldown/pluginutils/-/pluginutils-1.0.0-rc.1.tgz 650ms (cache miss)
2808 http fetch GET 200 https://registry.npmjs.org/@oxc-project/types/-/types-0.110.0.tgz 664ms (cache miss)
2809 http fetch GET 200 https://registry.npmjs.org/abbrev/-/abbrev-3.0.1.tgz 662ms (cache miss)
2810 http fetch GET 200 https://registry.npmjs.org/@workflow/serde/-/serde-4.1.0-beta.2.tgz 678ms (cache miss)
2811 http fetch GET 200 https://registry.npmjs.org/mimic-fn/-/mimic-fn-2.1.0.tgz 664ms (cache miss)
2812 http fetch GET 200 https://registry.npmjs.org/is-wsl/-/is-wsl-2.2.0.tgz 682ms (cache miss)
2813 http fetch GET 200 https://registry.npmjs.org/esprima/-/esprima-4.0.1.tgz 697ms (cache miss)
2814 http fetch GET 200 https://registry.npmjs.org/smart-buffer/-/smart-buffer-4.2.0.tgz 718ms (cache miss)
2815 http fetch GET 200 https://registry.npmjs.org/dunder-proto/-/dunder-proto-1.0.1.tgz 705ms (cache miss)
2816 http fetch GET 200 https://registry.npmjs.org/content-type/-/content-type-1.0.4.tgz 710ms (cache miss)
2817 http fetch GET 200 https://registry.npmjs.org/raw-body/-/raw-body-2.4.1.tgz 718ms (cache miss)
2818 http fetch GET 200 https://registry.npmjs.org/arg/-/arg-4.1.0.tgz 722ms (cache miss)
2819 http fetch GET 200 https://registry.npmjs.org/math-intrinsics/-/math-intrinsics-1.1.0.tgz 757ms (cache miss)
2820 http fetch GET 200 https://registry.npmjs.org/argparse/-/argparse-2.0.1.tgz 760ms (cache miss)
2821 http fetch GET 200 https://registry.npmjs.org/get-proto/-/get-proto-1.0.1.tgz 760ms (cache miss)
2822 http fetch GET 200 https://registry.npmjs.org/universalify/-/universalify-2.0.1.tgz 781ms (cache miss)
2823 http fetch GET 200 https://registry.npmjs.org/mime-db/-/mime-db-1.52.0.tgz 790ms (cache miss)
2824 http fetch GET 200 https://registry.npmjs.org/gopd/-/gopd-1.2.0.tgz 788ms (cache miss)
2825 http fetch GET 200 https://registry.npmjs.org/call-bind-apply-helpers/-/call-bind-apply-helpers-1.0.2.tgz 787ms (cache miss)
2826 http fetch GET 200 https://registry.npmjs.org/es-object-atoms/-/es-object-atoms-1.1.2.tgz 799ms (cache miss)
2827 http fetch GET 200 https://registry.npmjs.org/whatwg-url/-/whatwg-url-5.0.0.tgz 809ms (cache miss)
2828 http fetch GET 200 https://registry.npmjs.org/es-define-property/-/es-define-property-1.0.1.tgz 810ms (cache miss)
2829 http fetch GET 200 https://registry.npmjs.org/get-intrinsic/-/get-intrinsic-1.3.0.tgz 823ms (cache miss)
2830 http fetch GET 200 https://registry.npmjs.org/delayed-stream/-/delayed-stream-1.0.0.tgz 830ms (cache miss)
2831 http fetch GET 200 https://registry.npmjs.org/has-tostringtag/-/has-tostringtag-1.0.2.tgz 831ms (cache miss)
2832 http fetch GET 200 https://registry.npmjs.org/jsonfile/-/jsonfile-6.2.1.tgz 833ms (cache miss)
2833 http fetch GET 200 https://registry.npmjs.org/which/-/which-2.0.2.tgz 853ms (cache miss)
2834 http fetch GET 200 https://registry.npmjs.org/degenerator/-/degenerator-5.0.1.tgz 881ms (cache miss)
2835 http fetch GET 200 https://registry.npmjs.org/es-errors/-/es-errors-1.3.0.tgz 868ms (cache miss)
2836 http fetch GET 200 https://registry.npmjs.org/shebang-command/-/shebang-command-2.0.0.tgz 866ms (cache miss)
2837 http fetch GET 200 https://registry.npmjs.org/pump/-/pump-3.0.4.tgz 878ms (cache miss)
2838 http fetch GET 200 https://registry.npmjs.org/es-set-tostringtag/-/es-set-tostringtag-2.1.0.tgz 876ms (cache miss)
2839 http fetch GET 200 https://registry.npmjs.org/tslib/-/tslib-2.8.1.tgz 891ms (cache miss)
2840 http fetch GET 200 https://registry.npmjs.org/strip-final-newline/-/strip-final-newline-2.0.0.tgz 878ms (cache miss)
2841 http fetch GET 200 https://registry.npmjs.org/hasown/-/hasown-2.0.4.tgz 892ms (cache miss)
2842 http fetch GET 200 https://registry.npmjs.org/@types/json-schema/-/json-schema-7.0.15.tgz 904ms (cache miss)
2843 http fetch GET 200 https://registry.npmjs.org/combined-stream/-/combined-stream-1.0.8.tgz 897ms (cache miss)
2844 http fetch GET 200 https://registry.npmjs.org/npm-run-path/-/npm-run-path-4.0.1.tgz 898ms (cache miss)
2845 http fetch GET 200 https://registry.npmjs.org/human-signals/-/human-signals-1.1.1.tgz 901ms (cache miss)
2846 http fetch GET 200 https://registry.npmjs.org/onetime/-/onetime-5.1.2.tgz 906ms (cache miss)
2847 http fetch GET 200 https://registry.npmjs.org/p-finally/-/p-finally-2.0.1.tgz 906ms (cache miss)
2848 http fetch GET 200 https://registry.npmjs.org/get-stream/-/get-stream-5.2.0.tgz 905ms (cache miss)
2849 http fetch GET 200 https://registry.npmjs.org/is-stream/-/is-stream-2.0.1.tgz 905ms (cache miss)
2850 http fetch GET 200 https://registry.npmjs.org/merge-stream/-/merge-stream-2.0.0.tgz 915ms (cache miss)
2851 http fetch GET 200 https://registry.npmjs.org/@isaacs/balanced-match/-/balanced-match-4.0.1.tgz 926ms (cache miss)
2852 http fetch GET 200 https://registry.npmjs.org/readdirp/-/readdirp-4.1.2.tgz 924ms (cache miss)
2853 http fetch GET 200 https://registry.npmjs.org/mri/-/mri-1.2.0.tgz 930ms (cache miss)
2854 http fetch GET 200 https://registry.npmjs.org/pretty-ms/-/pretty-ms-7.0.1.tgz 931ms (cache miss)
2855 http fetch GET 200 https://registry.npmjs.org/time-span/-/time-span-4.0.0.tgz 932ms (cache miss)
2856 http fetch GET 200 https://registry.npmjs.org/picocolors/-/picocolors-1.0.0.tgz 934ms (cache miss)
2857 http fetch GET 200 https://registry.npmjs.org/file-uri-to-path/-/file-uri-to-path-1.0.0.tgz 936ms (cache miss)
2858 http fetch GET 200 https://registry.npmjs.org/ts-toolbelt/-/ts-toolbelt-6.15.5.tgz 950ms (cache miss)
2859 http fetch GET 200 https://registry.npmjs.org/retry/-/retry-0.13.1.tgz 937ms (cache miss)
2860 http fetch GET 200 https://registry.npmjs.org/path-key/-/path-key-3.1.1.tgz 939ms (cache miss)
2861 http fetch GET 200 https://registry.npmjs.org/signal-exit/-/signal-exit-4.0.2.tgz 944ms (cache miss)
2862 http fetch GET 200 https://registry.npmjs.org/@isaacs/brace-expansion/-/brace-expansion-5.0.1.tgz 959ms (cache miss)
2863 http fetch GET 200 https://registry.npmjs.org/json-schema-traverse/-/json-schema-traverse-1.0.0.tgz 950ms (cache miss)
2864 http fetch GET 200 https://registry.npmjs.org/require-from-string/-/require-from-string-2.0.2.tgz 954ms (cache miss)
2865 http fetch GET 200 https://registry.npmjs.org/fast-deep-equal/-/fast-deep-equal-3.1.3.tgz 953ms (cache miss)
2866 http fetch GET 200 https://registry.npmjs.org/agent-base/-/agent-base-7.1.4.tgz 1000ms (cache miss)
2867 http fetch GET 200 https://registry.npmjs.org/etag/-/etag-1.8.1.tgz 985ms (cache miss)
2868 http fetch GET 200 https://registry.npmjs.org/function-bind/-/function-bind-1.1.2.tgz 1013ms (cache miss)
2869 http fetch GET 200 https://registry.npmjs.org/@fastify/busboy/-/busboy-2.1.1.tgz 1060ms (cache miss)
2870 http fetch GET 200 https://registry.npmjs.org/mime-types/-/mime-types-2.1.35.tgz 1012ms (cache miss)
2871 http fetch GET 200 https://registry.npmjs.org/@types/estree/-/estree-1.0.9.tgz 1017ms (cache miss)
2872 http fetch GET 200 https://registry.npmjs.org/has-symbols/-/has-symbols-1.1.0.tgz 1040ms (cache miss)
2873 http fetch GET 200 https://registry.npmjs.org/nopt/-/nopt-8.1.0.tgz 1024ms (cache miss)
2874 http fetch GET 200 https://registry.npmjs.org/cross-spawn/-/cross-spawn-7.0.6.tgz 1047ms (cache miss)
2875 http fetch GET 200 https://registry.npmjs.org/minizlib/-/minizlib-3.1.0.tgz 1093ms (cache miss)
2876 http fetch GET 200 https://registry.npmjs.org/resolve-from/-/resolve-from-5.0.0.tgz 1051ms (cache miss)
2877 http fetch GET 200 https://registry.npmjs.org/path-to-regexp/-/path-to-regexp-6.3.0.tgz 1070ms (cache miss)
2878 http fetch GET 200 https://registry.npmjs.org/@edge-runtime/format/-/format-2.2.1.tgz 1090ms (cache miss)
2879 http fetch GET 200 https://registry.npmjs.org/@edge-runtime/ponyfill/-/ponyfill-2.4.2.tgz 1126ms (cache miss)
2880 http fetch GET 200 https://registry.npmjs.org/@vercel/gatsby-plugin-vercel-analytics/-/gatsby-plugin-vercel-analytics-1.0.11.tgz 1134ms (cache miss)
2881 http fetch GET 200 https://registry.npmjs.org/detect-libc/-/detect-libc-2.1.2.tgz 1128ms (cache miss)
2882 http fetch GET 200 https://registry.npmjs.org/async-sema/-/async-sema-3.1.1.tgz 1172ms (cache miss)
2883 http fetch GET 200 https://registry.npmjs.org/bindings/-/bindings-1.5.0.tgz 1176ms (cache miss)
2884 http fetch GET 200 https://registry.npmjs.org/@renovatebot/pep440/-/pep440-4.2.1.tgz 1186ms (cache miss)
2885 http fetch GET 200 https://registry.npmjs.org/acorn-import-attributes/-/acorn-import-attributes-1.9.5.tgz 1178ms (cache miss)
2886 http fetch GET 200 https://registry.npmjs.org/@emnapi/wasi-threads/-/wasi-threads-1.2.2.tgz 1211ms (cache miss)
2887 http fetch GET 200 https://registry.npmjs.org/source-map/-/source-map-0.6.1.tgz 1222ms (cache miss)
2888 http fetch GET 200 https://registry.npmjs.org/graceful-fs/-/graceful-fs-4.2.11.tgz 1248ms (cache miss)
2889 http fetch GET 200 https://registry.npmjs.org/minipass/-/minipass-7.1.3.tgz 1273ms (cache miss)
2890 http fetch GET 200 https://registry.npmjs.org/tree-kill/-/tree-kill-1.2.2.tgz 1265ms (cache miss)
2891 http fetch GET 200 https://registry.npmjs.org/node-gyp-build/-/node-gyp-build-4.8.4.tgz 1273ms (cache miss)
2892 http fetch GET 200 https://registry.npmjs.org/uid-promise/-/uid-promise-1.0.0.tgz 1270ms (cache miss)
2893 http fetch GET 200 https://registry.npmjs.org/asynckit/-/asynckit-0.4.0.tgz 1302ms (cache miss)
2894 http fetch GET 200 https://registry.npmjs.org/stat-mode/-/stat-mode-0.3.0.tgz 1294ms (cache miss)
2895 http fetch GET 200 https://registry.npmjs.org/stream-to-promise/-/stream-to-promise-2.2.0.tgz 1295ms (cache miss)
2896 http fetch GET 200 https://registry.npmjs.org/@vercel/error-utils/-/error-utils-2.2.0.tgz 1305ms (cache miss)
2897 http fetch GET 200 https://registry.npmjs.org/iconv-lite/-/iconv-lite-0.4.24.tgz 1339ms (cache miss)
2898 http fetch GET 200 https://registry.npmjs.org/yauzl-promise/-/yauzl-promise-2.1.3.tgz 1300ms (cache miss)
2899 http fetch GET 200 https://registry.npmjs.org/ms/-/ms-2.1.1.tgz 1298ms (cache miss)
2900 http fetch GET 200 https://registry.npmjs.org/promisepipe/-/promisepipe-3.0.0.tgz 1305ms (cache miss)
2901 http fetch GET 200 https://registry.npmjs.org/debug/-/debug-4.3.4.tgz 1309ms (cache miss)
2902 http fetch GET 200 https://registry.npmjs.org/throttleit/-/throttleit-2.1.0.tgz 1317ms (cache miss)
2903 http fetch GET 200 https://registry.npmjs.org/async-listen/-/async-listen-3.0.0.tgz 1318ms (cache miss)
2904 http fetch GET 200 https://registry.npmjs.org/https-proxy-agent/-/https-proxy-agent-7.0.6.tgz 1329ms (cache miss)
2905 http fetch GET 200 https://registry.npmjs.org/@vercel/gatsby-plugin-vercel-builder/-/gatsby-plugin-vercel-builder-2.2.19.tgz 1341ms (cache miss)
2906 http fetch GET 200 https://registry.npmjs.org/is-buffer/-/is-buffer-2.0.5.tgz 1342ms (cache miss)
2907 http fetch GET 200 https://registry.npmjs.org/is-node-process/-/is-node-process-1.2.0.tgz 1356ms (cache miss)
2908 http fetch GET 200 https://registry.npmjs.org/async-retry/-/async-retry-1.3.3.tgz 1357ms (cache miss)
2909 http fetch GET 200 https://registry.npmjs.org/open/-/open-8.4.0.tgz 1363ms (cache miss)
2910 http fetch GET 200 https://registry.npmjs.org/oxc-transform/-/oxc-transform-0.111.0.tgz 1359ms (cache miss)
2911 http fetch GET 200 https://registry.npmjs.org/basic-ftp/-/basic-ftp-5.3.1.tgz 1409ms (cache miss)
2912 http fetch GET 200 https://registry.npmjs.org/picomatch/-/picomatch-4.0.4.tgz 1380ms (cache miss)
2913 http fetch GET 200 https://registry.npmjs.org/ip-address/-/ip-address-10.2.0.tgz 1427ms (cache miss)
2914 http fetch GET 200 https://registry.npmjs.org/@emnapi/runtime/-/runtime-1.11.1.tgz 1412ms (cache miss)
2915 http fetch GET 200 https://registry.npmjs.org/tinyexec/-/tinyexec-0.3.2.tgz 1380ms (cache miss)
2916 http fetch GET 200 https://registry.npmjs.org/get-port/-/get-port-5.1.1.tgz 1372ms (cache miss)
2917 http fetch GET 200 https://registry.npmjs.org/proxy-agent/-/proxy-agent-6.4.0.tgz 1385ms (cache miss)
2918 http fetch GET 200 https://registry.npmjs.org/xdg-app-paths/-/xdg-app-paths-5.5.1.tgz 1397ms (cache miss)
2919 http fetch GET 200 https://registry.npmjs.org/resolve.exports/-/resolve.exports-2.0.3.tgz 1402ms (cache miss)
2920 http fetch GET 200 https://registry.npmjs.org/fs-extra/-/fs-extra-11.1.0.tgz 1403ms (cache miss)
2921 http fetch GET 200 https://registry.npmjs.org/node-fetch/-/node-fetch-2.6.7.tgz 1425ms (cache miss)
2922 http fetch GET 200 https://registry.npmjs.org/cjs-module-lexer/-/cjs-module-lexer-1.2.3.tgz 1426ms (cache miss)
2923 http fetch GET 200 https://registry.npmjs.org/@tootallnate/once/-/once-2.0.0.tgz 1435ms (cache miss)
2924 http fetch GET 200 https://registry.npmjs.org/es-module-lexer/-/es-module-lexer-1.5.0.tgz 1433ms (cache miss)
2925 http fetch GET 200 https://registry.npmjs.org/micro/-/micro-9.3.5-canary.3.tgz 1439ms (cache miss)
2926 http fetch GET 200 https://registry.npmjs.org/path-to-regexp/-/path-to-regexp-8.3.0.tgz 1434ms (cache miss)
2927 http fetch GET 200 https://registry.npmjs.org/socks/-/socks-2.8.9.tgz 1503ms (cache miss)
2928 http fetch GET 200 https://registry.npmjs.org/@rollup/pluginutils/-/pluginutils-5.4.0.tgz 1493ms (cache miss)
2929 http fetch GET 200 https://registry.npmjs.org/form-data/-/form-data-4.0.6.tgz 1480ms (cache miss)
2930 http fetch GET 200 https://registry.npmjs.org/@napi-rs/keyring/-/keyring-1.2.0.tgz 1488ms (cache miss)
2931 http fetch GET 200 https://registry.npmjs.org/path-scurry/-/path-scurry-2.0.2.tgz 1534ms (cache miss)
2932 http fetch GET 200 https://registry.npmjs.org/@vercel/cervel/-/cervel-0.1.22.tgz 1506ms (cache miss)
2933 http fetch GET 200 https://registry.npmjs.org/esbuild/-/esbuild-0.27.0.tgz 1496ms (cache miss)
2934 http fetch GET 200 https://registry.npmjs.org/estree-walker/-/estree-walker-2.0.2.tgz 1519ms (cache miss)
2935 http fetch GET 200 https://registry.npmjs.org/execa/-/execa-3.2.0.tgz 1513ms (cache miss)
2936 http fetch GET 200 https://registry.npmjs.org/undici-types/-/undici-types-5.26.5.tgz 1533ms (cache miss)
2937 http fetch GET 200 https://registry.npmjs.org/acorn/-/acorn-8.17.0.tgz 1550ms (cache miss)
2938 http fetch GET 200 https://registry.npmjs.org/@edge-runtime/vm/-/vm-3.2.0.tgz 1565ms (cache miss)
2939 http fetch GET 200 https://registry.npmjs.org/@napi-rs/keyring-win32-x64-msvc/-/keyring-win32-x64-msvc-1.2.0.tgz 1557ms (cache miss)
2940 http fetch GET 200 https://registry.npmjs.org/@vercel/oidc/-/oidc-3.2.0.tgz 1623ms (cache miss)
2941 http fetch GET 200 https://registry.npmjs.org/@vercel/static-config/-/static-config-3.4.0.tgz 1625ms (cache miss)
2942 http fetch GET 200 https://registry.npmjs.org/@emnapi/core/-/core-1.11.1.tgz 1679ms (cache miss)
2943 http fetch GET 200 https://registry.npmjs.org/@edge-runtime/node-utils/-/node-utils-2.3.0.tgz 1669ms (cache miss)
2944 http fetch GET 200 https://registry.npmjs.org/ts-morph/-/ts-morph-12.0.0.tgz 1659ms (cache miss)
2945 http fetch GET 200 https://registry.npmjs.org/@vercel/redwood/-/redwood-2.5.0.tgz 1650ms (cache miss)
2946 http fetch GET 200 https://registry.npmjs.org/chokidar/-/chokidar-4.0.0.tgz 1663ms (cache miss)
2947 http fetch GET 200 https://registry.npmjs.org/@vercel/rust/-/rust-1.3.0.tgz 1682ms (cache miss)
2948 http fetch GET 200 https://registry.npmjs.org/@vercel/nestjs/-/nestjs-0.2.97.tgz 1685ms (cache miss)
2949 http fetch GET 200 https://registry.npmjs.org/smol-toml/-/smol-toml-1.5.2.tgz 1704ms (cache miss)
2950 http fetch GET 200 https://registry.npmjs.org/@vercel/hydrogen/-/hydrogen-1.4.0.tgz 1700ms (cache miss)
2951 http fetch GET 200 https://registry.npmjs.org/@vercel/koa/-/koa-0.1.76.tgz 1723ms (cache miss)
2952 http fetch GET 200 https://registry.npmjs.org/@vercel/ruby/-/ruby-2.4.0.tgz 1729ms (cache miss)
2953 http fetch GET 200 https://registry.npmjs.org/@vercel/remix-builder/-/remix-builder-5.9.1.tgz 1745ms (cache miss)
2954 http fetch GET 200 https://registry.npmjs.org/@oxc-transform/binding-win32-x64-msvc/-/binding-win32-x64-msvc-0.111.0.tgz 1806ms (cache miss)
2955 http fetch GET 200 https://registry.npmjs.org/js-yaml/-/js-yaml-4.1.1.tgz 1798ms (cache miss)
2956 http fetch GET 200 https://registry.npmjs.org/generic-pool/-/generic-pool-3.4.2.tgz 1901ms (cache miss)
2957 http fetch GET 200 https://registry.npmjs.org/minimatch/-/minimatch-3.1.5.tgz 2113ms (cache miss)
2958 http fetch GET 200 https://registry.npmjs.org/ast-types/-/ast-types-0.13.4.tgz 2228ms (cache miss)
2959 http fetch GET 200 https://registry.npmjs.org/@vercel/h3/-/h3-0.1.102.tgz 2264ms (cache miss)
2960 http fetch GET 200 https://registry.npmjs.org/@vercel/fastify/-/fastify-0.1.96.tgz 2268ms (cache miss)
2961 http fetch GET 200 https://registry.npmjs.org/@vercel/prepare-flags-definitions/-/prepare-flags-definitions-0.3.0.tgz 2268ms (cache miss)
2962 http fetch GET 200 https://registry.npmjs.org/async-listen/-/async-listen-3.0.1.tgz 2270ms (cache miss)
2963 http fetch GET 200 https://registry.npmjs.org/xdg-app-paths/-/xdg-app-paths-5.1.0.tgz 2269ms (cache miss)
2964 http fetch GET 200 https://registry.npmjs.org/balanced-match/-/balanced-match-4.0.4.tgz 2274ms (cache miss)
2965 http fetch GET 200 https://registry.npmjs.org/@vercel/elysia/-/elysia-0.1.93.tgz 2279ms (cache miss)
2966 http fetch GET 200 https://registry.npmjs.org/picocolors/-/picocolors-1.1.1.tgz 2291ms (cache miss)
2967 http fetch GET 200 https://registry.npmjs.org/brace-expansion/-/brace-expansion-5.0.6.tgz 2291ms (cache miss)
2968 http fetch GET 200 https://registry.npmjs.org/end-of-stream/-/end-of-stream-1.1.0.tgz 2292ms (cache miss)
2969 http fetch GET 200 https://registry.npmjs.org/@vercel/express/-/express-0.1.105.tgz 2298ms (cache miss)
2970 http fetch GET 200 https://registry.npmjs.org/once/-/once-1.3.3.tgz 2293ms (cache miss)
2971 http fetch GET 200 https://registry.npmjs.org/lru-cache/-/lru-cache-6.0.0.tgz 2293ms (cache miss)
2972 http fetch GET 200 https://registry.npmjs.org/ms/-/ms-2.1.3.tgz 2331ms (cache miss)
2973 http fetch GET 200 https://registry.npmjs.org/xdg-app-paths/-/xdg-app-paths-5.1.0.tgz 2330ms (cache miss)
2974 http fetch GET 200 https://registry.npmjs.org/ms/-/ms-2.1.2.tgz 2353ms (cache miss)
2975 http fetch GET 200 https://registry.npmjs.org/picomatch/-/picomatch-2.3.2.tgz 2363ms (cache miss)
2976 http fetch GET 200 https://registry.npmjs.org/ms/-/ms-2.1.3.tgz 2357ms (cache miss)
2977 http fetch GET 200 https://registry.npmjs.org/@vercel/cli-config/-/cli-config-0.2.0.tgz 2369ms (cache miss)
2978 http fetch GET 200 https://registry.npmjs.org/yallist/-/yallist-4.0.0.tgz 2362ms (cache miss)
2979 http fetch GET 200 https://registry.npmjs.org/signal-exit/-/signal-exit-3.0.7.tgz 2362ms (cache miss)
2980 http fetch GET 200 https://registry.npmjs.org/@vercel/hono/-/hono-0.2.96.tgz 2372ms (cache miss)
2981 http fetch GET 200 https://registry.npmjs.org/signal-exit/-/signal-exit-3.0.7.tgz 2380ms (cache miss)
2982 http fetch GET 200 https://registry.npmjs.org/async-listen/-/async-listen-1.2.0.tgz 2378ms (cache miss)
2983 http fetch GET 200 https://registry.npmjs.org/consola/-/consola-3.4.2.tgz 2443ms (cache miss)
2984 http fetch GET 200 https://registry.npmjs.org/@tootallnate%2fonce 2282ms (cache miss)
2985 silly packumentCache corgi:https://registry.npmjs.org/@tootallnate%2fonce set size:undefined disposed:false
2986 http fetch GET 200 https://registry.npmjs.org/get-stream/-/get-stream-6.0.1.tgz 2430ms (cache miss)
2987 http fetch GET 200 https://registry.npmjs.org/path-to-regexp 2304ms (cache miss)
2988 silly packumentCache corgi:https://registry.npmjs.org/path-to-regexp set size:undefined disposed:false
2989 http fetch GET 200 https://registry.npmjs.org/edge-runtime/-/edge-runtime-2.5.9.tgz 2514ms (cache miss)
2990 http fetch GET 200 https://registry.npmjs.org/semver/-/semver-6.3.1.tgz 2473ms (cache miss)
2991 http fetch GET 200 https://registry.npmjs.org/smol-toml 2348ms (cache miss)
2992 silly packumentCache corgi:https://registry.npmjs.org/smol-toml set size:undefined disposed:false
2993 http fetch GET 200 https://registry.npmjs.org/@vercel/detect-agent/-/detect-agent-1.2.3.tgz 2495ms (cache miss)
2994 http fetch GET 200 https://registry.npmjs.org/path-to-regexp/-/path-to-regexp-8.2.0.tgz 2483ms (cache miss)
2995 http fetch GET 200 https://registry.npmjs.org/tar 2372ms (cache miss)
2996 silly packumentCache corgi:https://registry.npmjs.org/tar set size:undefined disposed:false
2997 http fetch GET 200 https://registry.npmjs.org/lru-cache/-/lru-cache-7.18.3.tgz 2515ms (cache miss)
2998 http fetch GET 200 https://registry.npmjs.org/@vercel/python/-/python-6.45.0.tgz 2538ms (cache miss)
2999 http fetch GET 200 https://registry.npmjs.org/@tybys/wasm-util/-/wasm-util-0.10.2.tgz 2594ms (cache miss)
3000 http fetch GET 200 https://registry.npmjs.org/debug/-/debug-4.4.3.tgz 2529ms (cache miss)
3001 http fetch GET 200 https://registry.npmjs.org/srvx 2400ms (cache miss)
3002 silly packumentCache corgi:https://registry.npmjs.org/srvx set size:undefined disposed:false
3003 http fetch GET 200 https://registry.npmjs.org/pac-resolver/-/pac-resolver-7.0.1.tgz 2613ms (cache miss)
3004 http fetch GET 200 https://registry.npmjs.org/minimatch 2420ms (cache miss)
3005 silly packumentCache corgi:https://registry.npmjs.org/minimatch set size:undefined disposed:false
3006 http fetch GET 200 https://registry.npmjs.org/node-fetch/-/node-fetch-2.6.9.tgz 2567ms (cache miss)
3007 http fetch GET 200 https://registry.npmjs.org/@vercel/static-build/-/static-build-2.10.3.tgz 2592ms (cache miss)
3008 http fetch GET 200 https://registry.npmjs.org/srvx/-/srvx-0.8.9.tgz 2601ms (cache miss)
3009 http fetch GET 200 https://registry.npmjs.org/es-module-lexer/-/es-module-lexer-1.4.1.tgz 2576ms (cache miss)
3010 http fetch GET 200 https://registry.npmjs.org/fast-glob/-/fast-glob-3.3.3.tgz 2695ms (cache miss)
3011 http fetch GET 200 https://registry.npmjs.org/ajv 2473ms (cache miss)
3012 silly packumentCache corgi:https://registry.npmjs.org/ajv set size:undefined disposed:false
3013 http fetch GET 200 https://registry.npmjs.org/web-vitals/-/web-vitals-0.2.4.tgz 2663ms (cache miss)
3014 http fetch GET 200 https://registry.npmjs.org/execa/-/execa-5.1.1.tgz 2638ms (cache miss)
3015 http fetch GET 200 https://registry.npmjs.org/undici 2524ms (cache miss)
3016 silly packumentCache corgi:https://registry.npmjs.org/undici set size:undefined disposed:false
3017 http fetch GET 200 https://registry.npmjs.org/@edge-runtime/primitives/-/primitives-4.1.0.tgz 2744ms (cache miss)
3018 http fetch GET 200 https://registry.npmjs.org/@vercel/cli-auth/-/cli-auth-0.3.0.tgz 2766ms (cache miss)
3019 http fetch GET 200 https://registry.npmjs.org/esbuild 2626ms (cache miss)
3020 silly packumentCache corgi:https://registry.npmjs.org/esbuild set size:undefined disposed:false
3021 http fetch GET 200 https://registry.npmjs.org/@vercel/next/-/next-4.19.0.tgz 2782ms (cache miss)
3022 http fetch GET 200 https://registry.npmjs.org/human-signals/-/human-signals-2.1.0.tgz 2779ms (cache miss)
3023 http fetch GET 200 https://registry.npmjs.org/semver/-/semver-7.5.4.tgz 2825ms (cache miss)
3024 silly packumentCache corgi:https://registry.npmjs.org/vercel cache-miss
3025 silly packumentCache corgi:https://registry.npmjs.org/@vercel%2fnode cache-miss
3026 silly packumentCache corgi:https://registry.npmjs.org/tsx cache-miss
3027 silly packumentCache corgi:https://registry.npmjs.org/@vercel%2fgatsby-plugin-vercel-builder cache-miss
3028 http fetch GET 200 https://registry.npmjs.org/@mapbox/node-pre-gyp/-/node-pre-gyp-2.0.3.tgz 2832ms (cache miss)
3029 http fetch GET 200 https://registry.npmjs.org/path-to-regexp/-/path-to-regexp-6.1.0.tgz 2808ms (cache miss)
3030 http fetch GET 200 https://registry.npmjs.org/path-to-regexp/-/path-to-regexp-6.1.0.tgz 2812ms (cache miss)
3031 http cache https://registry.npmjs.org/vercel 44ms (cache hit)
3032 silly packumentCache corgi:https://registry.npmjs.org/vercel set size:4322914 disposed:false
3033 http fetch GET 200 https://registry.npmjs.org/@napi-rs/wasm-runtime/-/wasm-runtime-1.1.5.tgz 2977ms (cache miss)
3034 http fetch GET 200 https://registry.npmjs.org/tsx 134ms (cache miss)
3035 silly packumentCache corgi:https://registry.npmjs.org/tsx set size:undefined disposed:false
3036 http fetch GET 200 https://registry.npmjs.org/rolldown/-/rolldown-1.0.0-rc.1.tgz 2973ms (cache miss)
3037 http fetch GET 200 https://registry.npmjs.org/uri-js/-/uri-js-4.4.1.tgz 3001ms (cache miss)
3038 http fetch GET 200 https://registry.npmjs.org/@sinclair/typebox/-/typebox-0.25.24.tgz 3011ms (cache miss)
3039 http fetch GET 200 https://registry.npmjs.org/@vercel/node/-/node-5.8.17.tgz 2998ms (cache miss)
3040 http fetch GET 200 https://registry.npmjs.org/minimatch/-/minimatch-10.1.1.tgz 3050ms (cache miss)
3041 http fetch GET 200 https://registry.npmjs.org/tsx/-/tsx-4.21.0.tgz 3032ms (cache miss)
3042 http fetch GET 200 https://registry.npmjs.org/@vercel/blob/-/blob-2.4.0.tgz 3149ms (cache miss)
3043 http fetch GET 200 https://registry.npmjs.org/@vercel/nft/-/nft-1.10.0.tgz 3455ms (cache miss)
3044 http fetch GET 200 https://registry.npmjs.org/fs-extra/-/fs-extra-11.1.1.tgz 3442ms (cache miss)
3045 http fetch GET 200 https://registry.npmjs.org/@tootallnate/quickjs-emscripten/-/quickjs-emscripten-0.23.0.tgz 3540ms (cache miss)
3046 http fetch GET 200 https://registry.npmjs.org/@vercel%2fgatsby-plugin-vercel-builder 689ms (cache miss)
3047 silly packumentCache corgi:https://registry.npmjs.org/@vercel%2fgatsby-plugin-vercel-builder set size:undefined disposed:false
3048 http fetch GET 200 https://registry.npmjs.org/@vercel/backends/-/backends-0.8.14.tgz 3526ms (cache miss)
3049 http fetch GET 200 https://registry.npmjs.org/@vercel%2fnode 783ms (cache miss)
3050 silly packumentCache corgi:https://registry.npmjs.org/@vercel%2fnode set size:undefined disposed:false
3051 silly packumentCache corgi:https://registry.npmjs.org/@vercel%2frust cache-miss
3052 silly packumentCache corgi:https://registry.npmjs.org/@vercel%2fpython-analysis cache-miss
3053 http fetch GET 200 https://registry.npmjs.org/json-schema-to-ts/-/json-schema-to-ts-1.6.4.tgz 3759ms (cache miss)
3054 http fetch GET 200 https://registry.npmjs.org/@bytecodealliance/preview2-shim/-/preview2-shim-0.17.6.tgz 3801ms (cache miss)
3055 http fetch GET 200 https://registry.npmjs.org/zod/-/zod-3.22.4.tgz 3769ms (cache miss)
3056 http fetch GET 200 https://registry.npmjs.org/zod/-/zod-3.22.4.tgz 3765ms (cache miss)
3057 http fetch GET 200 https://registry.npmjs.org/zod/-/zod-3.22.4.tgz 3776ms (cache miss)
3058 http fetch GET 200 https://registry.npmjs.org/zod/-/zod-3.22.4.tgz 3772ms (cache miss)
3059 http fetch GET 200 https://registry.npmjs.org/zod/-/zod-3.24.4.tgz 3798ms (cache miss)
3060 http fetch GET 200 https://registry.npmjs.org/glob/-/glob-13.0.6.tgz 3887ms (cache miss)
3061 http fetch GET 200 https://registry.npmjs.org/@ts-morph/common/-/common-0.11.1.tgz 3952ms (cache miss)
3062 http fetch GET 200 https://registry.npmjs.org/luxon/-/luxon-3.7.2.tgz 3922ms (cache miss)
3063 http fetch GET 200 https://registry.npmjs.org/minimatch/-/minimatch-10.2.5.tgz 3908ms (cache miss)
3064 http fetch GET 200 https://registry.npmjs.org/@vercel/python-analysis/-/python-analysis-0.11.1.tgz 4074ms (cache miss)
3065 http fetch GET 200 https://registry.npmjs.org/@esbuild/win32-x64/-/win32-x64-0.27.0.tgz 4167ms (cache miss)
3066 http fetch GET 200 https://registry.npmjs.org/@vercel%2fpython-analysis 519ms (cache miss)
3067 silly packumentCache corgi:https://registry.npmjs.org/@vercel%2fpython-analysis set size:undefined disposed:false
3068 http fetch GET 200 https://registry.npmjs.org/@vercel%2frust 524ms (cache miss)
3069 silly packumentCache corgi:https://registry.npmjs.org/@vercel%2frust set size:undefined disposed:false
3070 silly packumentCache corgi:https://registry.npmjs.org/@vercel%2fremix-builder cache-miss
3071 http fetch GET 200 https://registry.npmjs.org/sandbox/-/sandbox-3.1.2.tgz 4193ms (cache miss)
3072 http fetch GET 200 https://registry.npmjs.org/lru-cache/-/lru-cache-11.5.1.tgz 4244ms (cache miss)
3073 http fetch GET 200 https://registry.npmjs.org/@types/node/-/node-20.11.0.tgz 4232ms (cache miss)
3074 http fetch GET 200 https://registry.npmjs.org/jose/-/jose-6.2.3.tgz 4471ms (cache miss)
3075 http fetch GET 200 https://registry.npmjs.org/@vercel/go/-/go-3.9.0.tgz 4477ms (cache miss)
3076 http fetch GET 200 https://registry.npmjs.org/@rolldown/binding-win32-x64-msvc/-/binding-win32-x64-msvc-1.0.0-rc.1.tgz 4704ms (cache miss)
3077 http fetch GET 200 https://registry.npmjs.org/@vercel%2fremix-builder 489ms (cache miss)
3078 silly packumentCache corgi:https://registry.npmjs.org/@vercel%2fremix-builder set size:undefined disposed:false
3079 http fetch GET 200 https://registry.npmjs.org/undici/-/undici-5.28.4.tgz 4658ms (cache miss)
3080 silly packumentCache corgi:https://registry.npmjs.org/@vercel%2fbackends cache-miss
3081 silly packumentCache corgi:https://registry.npmjs.org/@vercel%2fexpress cache-miss
3082 silly packumentCache corgi:https://registry.npmjs.org/@vercel%2fhono cache-miss
3083 silly packumentCache corgi:https://registry.npmjs.org/@vercel%2ffun cache-miss
3084 http fetch GET 200 https://registry.npmjs.org/@vercel/build-utils/-/build-utils-13.30.0.tgz 4689ms (cache miss)
3085 http fetch GET 200 https://registry.npmjs.org/undici/-/undici-6.27.0.tgz 4745ms (cache miss)
3086 http fetch GET 200 https://registry.npmjs.org/@vercel/sandbox/-/sandbox-2.1.1.tgz 4801ms (cache miss)
3087 http fetch GET 200 https://registry.npmjs.org/@vercel/fun/-/fun-1.3.0.tgz 4738ms (cache miss)
3088 http fetch GET 200 https://registry.npmjs.org/vercel/-/vercel-54.14.0.tgz 4741ms (cache miss)
3089 http fetch GET 200 https://registry.npmjs.org/tar/-/tar-7.5.7.tgz 4858ms (cache miss)
3090 warn deprecated tar@7.5.7: Old versions of tar are not supported, and contain widely publicized security vulnerabilities, which have been fixed in the current version. Please update. Support for old versions may be purchased (at exorbitant rates) by contacting i@izs.me
3091 http fetch GET 200 https://registry.npmjs.org/undici/-/undici-7.28.0.tgz 4856ms (cache miss)
3092 http fetch GET 200 https://registry.npmjs.org/typescript/-/typescript-5.9.3.tgz 4946ms (cache miss)
3093 http fetch GET 200 https://registry.npmjs.org/@vercel%2fexpress 475ms (cache miss)
3094 silly packumentCache corgi:https://registry.npmjs.org/@vercel%2fexpress set size:undefined disposed:false
3095 http fetch GET 200 https://registry.npmjs.org/@vercel%2fbackends 487ms (cache miss)
3096 silly packumentCache corgi:https://registry.npmjs.org/@vercel%2fbackends set size:undefined disposed:false
3097 http fetch GET 200 https://registry.npmjs.org/@vercel%2ffun 489ms (cache miss)
3098 silly packumentCache corgi:https://registry.npmjs.org/@vercel%2ffun set size:undefined disposed:false
3099 http fetch GET 200 https://registry.npmjs.org/@vercel%2fhono 496ms (cache miss)
3100 silly packumentCache corgi:https://registry.npmjs.org/@vercel%2fhono set size:undefined disposed:false
3101 silly packumentCache corgi:https://registry.npmjs.org/@mapbox%2fnode-pre-gyp cache-miss
3102 http fetch GET 200 https://registry.npmjs.org/jose/-/jose-5.9.6.tgz 5258ms (cache miss)
3103 http fetch GET 200 https://registry.npmjs.org/ajv/-/ajv-8.6.3.tgz 5498ms (cache miss)
3104 http fetch GET 200 https://registry.npmjs.org/@mapbox%2fnode-pre-gyp 507ms (cache miss)
3105 silly packumentCache corgi:https://registry.npmjs.org/@mapbox%2fnode-pre-gyp set size:undefined disposed:false
3106 silly packumentCache corgi:https://registry.npmjs.org/@vercel%2fstatic-config cache-miss
3107 http fetch GET 200 https://registry.npmjs.org/zod/-/zod-4.1.11.tgz 5783ms (cache miss)
3108 info run esbuild@0.27.0 postinstall node_modules/esbuild node install.js
3109 http fetch GET 200 https://registry.npmjs.org/@vercel%2fstatic-config 510ms (cache miss)
3110 silly packumentCache corgi:https://registry.npmjs.org/@vercel%2fstatic-config set size:undefined disposed:false
3111 info run esbuild@0.27.0 postinstall { code: 0, signal: null }
3112 silly packumentCache corgi:https://registry.npmjs.org/@vercel%2fstatic-build cache-miss
3113 http fetch GET 200 https://registry.npmjs.org/@vercel%2fstatic-build 479ms (cache miss)
3114 silly packumentCache corgi:https://registry.npmjs.org/@vercel%2fstatic-build set size:undefined disposed:false
3115 silly packumentCache corgi:https://registry.npmjs.org/@vercel%2felysia cache-miss
3116 silly packumentCache corgi:https://registry.npmjs.org/@vercel%2ffastify cache-miss
3117 silly packumentCache corgi:https://registry.npmjs.org/@vercel%2fh3 cache-miss
3118 silly packumentCache corgi:https://registry.npmjs.org/@vercel%2fkoa cache-miss
3119 silly packumentCache corgi:https://registry.npmjs.org/@vercel%2fnestjs cache-miss
3120 http fetch GET 200 https://registry.npmjs.org/@vercel%2ffastify 668ms (cache miss)
3121 silly packumentCache corgi:https://registry.npmjs.org/@vercel%2ffastify set size:undefined disposed:false
3122 http fetch GET 200 https://registry.npmjs.org/@vercel%2felysia 677ms (cache miss)
3123 silly packumentCache corgi:https://registry.npmjs.org/@vercel%2felysia set size:undefined disposed:false
3124 http fetch GET 200 https://registry.npmjs.org/@vercel%2fh3 683ms (cache miss)
3125 silly packumentCache corgi:https://registry.npmjs.org/@vercel%2fh3 set size:undefined disposed:false
3126 http fetch GET 200 https://registry.npmjs.org/@vercel%2fkoa 689ms (cache miss)
3127 silly packumentCache corgi:https://registry.npmjs.org/@vercel%2fkoa set size:undefined disposed:false
3128 http fetch GET 200 https://registry.npmjs.org/@vercel%2fnestjs 701ms (cache miss)
3129 silly packumentCache corgi:https://registry.npmjs.org/@vercel%2fnestjs set size:undefined disposed:false
3130 silly packumentCache corgi:https://registry.npmjs.org/@vercel%2fbuild-utils cache-miss
3131 silly packumentCache corgi:https://registry.npmjs.org/@vercel%2fpython cache-miss
3132 http fetch GET 200 https://registry.npmjs.org/@vercel%2fpython 477ms (cache miss)
3133 silly packumentCache corgi:https://registry.npmjs.org/@vercel%2fpython set size:undefined disposed:false
3134 http fetch GET 200 https://registry.npmjs.org/@vercel%2fbuild-utils 494ms (cache miss)
3135 silly packumentCache corgi:https://registry.npmjs.org/@vercel%2fbuild-utils set size:undefined disposed:false
3136 silly packumentCache corgi:https://registry.npmjs.org/@vercel%2fcervel cache-miss
3137 http fetch GET 200 https://registry.npmjs.org/@vercel%2fcervel 484ms (cache miss)
3138 silly packumentCache corgi:https://registry.npmjs.org/@vercel%2fcervel set size:undefined disposed:false
3139 silly packumentCache corgi:https://registry.npmjs.org/@vercel%2fhydrogen cache-miss
3140 silly packumentCache corgi:https://registry.npmjs.org/@vercel%2fredwood cache-miss
3141 http fetch GET 200 https://registry.npmjs.org/@vercel%2fredwood 490ms (cache miss)
3142 silly packumentCache corgi:https://registry.npmjs.org/@vercel%2fredwood set size:undefined disposed:false
3143 http fetch GET 200 https://registry.npmjs.org/@vercel%2fhydrogen 500ms (cache miss)
3144 silly packumentCache corgi:https://registry.npmjs.org/@vercel%2fhydrogen set size:undefined disposed:false
3145 verbose cwd C:\Users\eumai\v2-crm
3146 verbose os Windows_NT 10.0.26200
3147 verbose node v24.14.0
3148 verbose npm  v11.9.0
3149 notice
3149 notice New minor version of npm available! 11.9.0 -> 11.17.0
3149 notice Changelog: https://github.com/npm/cli/releases/tag/v11.17.0
3149 notice To update run: npm install -g npm@11.17.0
3149 notice  { force: true, Symbol(proc-log.meta): true }
3150 verbose exit 1
3151 verbose code 1
